0,2016,2017,2018,2019,2020,|,1.2492,0.6926,0.7939,0.5038,0.4824,
1,2016,2017,2018,2019,2020,|,0.3471,0.3988,0.2744,0.3301,0.2087,
2,2016,2017,2018,2019,2020,|,1.3576,1.7342,1.2950,1.1850,1.2238,
3,2016,2017,2018,2019,2020,|,1.2654,1.5712,1.2458,1.1783,1.0091,
4,2016,2017,2018,2019,2020,|,0.7000,0.5857,0.7671,1.3838,1.4948,
5,2016,2017,2018,2019,2020,|,0.6745,0.7824,0.5466,0.6543,0.4576,
6,2016,2017,2018,2019,2020,|,1.9593,1.9323,2.3531,1.8071,2.2001,
7,2016,2017,2018,2019,2020,|,1.6307,1.5387,1.1285,1.5184,1.2198,
8,2016,2017,2018,2019,2020,|,1.5398,1.1443,1.5916,1.1701,1.1335,
9,2016,2017,2018,2019,2020,|,1.5315,1.4850,1.1299,1.3312,1.3136,
10,2016,2017,2018,2019,2020,|,0.5162,0.7329,0.6478,0.7341,0.6865,
11,2016,2017,2018,2019,2020,|,1.1255,0.6525,0.9536,1.0285,1.0525,
12,2016,2017,2018,2019,2020,|,1.6629,1.4368,2.0310,1.8469,1.8031,
13,2016,2017,2018,2019,2020,|,0.1249,0.1097,0.0820,0.1044,0.1958,
14,2016,2017,2018,2019,2020,|,1.5939,1.1020,1.5138,1.1034,1.8517,
15,2016,2017,2018,2019,2020,|,0.9970,1.0032,1.0503,1.0206,1.1069,
16,2016,2017,2018,2019,2020,|,1.0160,0.9156,0.9485,0.7130,0.7264,
17,2016,2017,2018,2019,2020,|,0.8307,1.3419,0.8958,0.8872,0.7704,
18,2016,2017,2018,2019,2020,|,0.5919,0.9910,1.2069,1.1325,1.1509,
19,2016,2017,2018,2019,2020,|,1.0750,0.4297,0.7078,0.9929,0.6692,
20,2016,2017,2018,2019,2020,|,0.4860,0.7647,0.7344,1.2392,0.5032,
21,2016,2017,2018,2019,2020,|,0.2979,0.2507,0.2598,0.3477,0.1523,
22,2016,2017,2018,2019,2020,|,1.5572,1.6753,2.0932,1.8674,1.9063,
23,2016,2017,2018,2019,2020,|,1.1783,1.1969,1.4098,1.4453,1.1570,
24,2016,2017,2018,2019,2020,|,0.9083,1.0003,1.1704,1.4355,1.6574,
25,2016,2017,2018,2019,2020,|,1.2155,0.3054,0.6599,0.3125,0.4395,
26,2016,2017,2018,2019,2020,|,0.6297,0.5692,0.5534,0.5896,0.5121,
27,2016,2017,2018,2019,2020,|,1.0174,1.1005,0.7860,0.6080,0.4866,
28,2016,2017,2018,2019,2020,|,1.7448,1.6891,1.2290,1.6811,2.2093,
29,2016,2017,2018,2019,2020,|,0.8277,1.1947,1.0681,1.0690,0.5370,
30,2016,2017,2018,2019,2020,|,1.1615,2.3319,1.8470,1.3317,1.1962,
31,2016,2017,2018,2019,2020,|,0.7106,0.6626,0.6915,0.8170,0.6477,
32,2016,2017,2018,2019,2020,|,0.4651,0.3652,0.5758,0.3994,0.2094,
33,2016,2017,2018,2019,2020,|,0.1609,0.2124,0.2503,0.2570,0.1735,
34,2016,2017,2018,2019,2020,|,0.6902,0.7946,0.5506,0.4801,0.5029,
35,2016,2017,2018,2019,2020,|,1.3267,1.7165,1.9296,1.5699,1.4602,
36,2016,2017,2018,2019,2020,|,0.9644,0.7562,0.4393,0.3568,0.2341,
37,2016,2017,2018,2019,2020,|,0.4517,0.4543,0.5594,0.5455,0.5848,
38,2016,2017,2018,2019,2020,|,0.9051,1.1931,0.6863,1.0803,0.8973,
39,2016,2017,2018,2019,2020,|,0.4372,0.5264,0.4717,0.5447,0.4164,
40,2016,2017,2018,2019,2020,|,2.1323,1.5732,1.4852,1.9897,1.8929,
41,2016,2017,2018,2019,2020,|,0.3760,0.3791,0.4168,0.3403,0.2419,
42,2016,2017,2018,2019,2020,|,0.8757,1.0135,1.1750,0.8150,0.9550,
43,2016,2017,2018,2019,2020,|,0.5753,0.5905,0.5654,0.7355,0.4752,
44,2016,2017,2018,2019,2020,|,0.5270,0.8378,0.5983,0.4463,0.3059,
45,2016,2017,2018,2019,2020,|,0.9529,0.8131,1.1161,1.0651,1.0488,
46,2016,2017,2018,2019,2020,|,1.6984,1.6545,2.0046,2.5957,1.8277,
47,2016,2017,2018,2019,2020,|,0.3143,0.2683,0.1527,0.2283,0.2219,
48,2016,2017,2018,2019,2020,|,1.0923,1.9297,1.2305,0.7628,0.7529,
49,2016,2017,2018,2019,2020,|,1.5199,1.4078,1.5387,1.6677,1.4571,
50,2016,2017,2018,2019,2020,|,1.8103,1.4669,1.5875,1.8475,1.4445,
51,2016,2017,2018,2019,2020,|,0.8306,0.8552,0.7742,0.3988,0.6126,
52,2016,2017,2018,2019,2020,|,0.3674,0.3365,0.3395,0.3812,0.3739,
53,2016,2017,2018,2019,2020,|,1.5177,1.8337,1.9345,1.7365,1.1727,
54,2016,2017,2018,2019,2020,|,1.3137,1.2223,1.5267,1.2493,1.4250,
55,2016,2017,2018,2019,2020,|,0.6362,1.3269,1.2273,0.9862,1.1224,
56,2016,2017,2018,2019,2020,|,1.9753,2.0285,1.9759,2.1136,2.0593,
57,2016,2017,2018,2019,2020,|,1.8865,1.8778,2.2072,1.0038,1.3920,
58,2016,2017,2018,2019,2020,|,1.1821,0.6474,0.4762,0.4779,0.7431,
59,2016,2017,2018,2019,2020,|,0.5382,0.5126,0.5126,0.4813,0.4287,
60,2016,2017,2018,2019,2020,|,0.4445,0.4121,0.3264,0.4061,0.2144,
61,2016,2017,2018,2019,2020,|,1.4331,1.5195,1.4980,1.3302,1.3423,
62,2016,2017,2018,2019,2020,|,1.3860,1.2258,1.3860,0.9858,1.2319,
63,2016,2017,2018,2019,2020,|,1.2967,1.6509,1.4010,1.3821,1.4278,
64,2016,2017,2018,2019,2020,|,0.6329,0.8995,0.8507,0.6475,0.6608,
65,2016,2017,2018,2019,2020,|,0.9195,0.8718,1.2915,1.4879,1.0410,
66,2016,2017,2018,2019,2020,|,0.9542,0.5938,0.7469,0.7473,nan,
67,2016,2017,2018,2019,2020,|,0.5763,0.6341,0.5806,0.5450,0.7389,
68,2016,2017,2018,2019,2020,|,0.4071,0.6452,0.5116,0.5413,0.5028,
69,2016,2017,2018,2019,2020,|,1.6451,1.3335,1.7144,1.2175,1.1840,
70,2016,2017,2018,2019,2020,|,0.8289,0.6755,0.9864,1.3335,0.4773,
71,2016,2017,2018,2019,2020,|,0.5652,0.4917,0.5398,0.7449,0.5537,
72,2016,2017,2018,2019,2020,|,0.5060,0.6823,0.5971,0.9099,0.8213,
73,2016,2017,2018,2019,2020,|,0.8057,0.7096,0.3687,0.3389,0.5345,
74,2016,2017,2018,2019,2020,|,1.4266,1.0909,1.0306,0.9103,0.9863,
75,2016,2017,2018,2019,2020,|,0.9751,1.0654,0.9539,1.2622,0.9475,
76,2016,2017,2018,2019,2020,|,1.3272,1.1966,1.2885,1.2311,1.0904,
77,2016,2017,2018,2019,2020,|,0.8860,0.9266,0.9360,0.5245,0.7221,
78,2016,2017,2018,2019,2020,|,1.0610,0.5627,0.4847,1.0138,0.8415,
79,2016,2017,2018,2019,2020,|,0.9575,0.9628,0.8649,0.7393,0.7365,
80,2016,2017,2018,2019,2020,|,0.4403,0.5898,0.6061,0.5920,1.5142,
81,2016,2017,2018,2019,2020,|,1.3519,1.5208,1.3261,2.4009,1.8614,
82,2016,2017,2018,2019,2020,|,2.4288,3.1996,1.6284,1.9829,2.4138,
83,2016,2017,2018,2019,2020,|,0.2286,0.3139,0.3713,0.3458,0.2771,
84,2016,2017,2018,2019,2020,|,0.4945,0.6468,0.6141,0.4877,0.6543,
85,2016,2017,2018,2019,2020,|,0.9931,1.7315,1.2116,1.1870,1.0918,
86,2016,2017,2018,2019,2020,|,1.3272,0.8688,0.7558,0.7875,0.7730,
87,2016,2017,2018,2019,2020,|,2.1506,1.7204,1.7870,1.0530,1.1442,
88,2016,2017,2018,2019,2020,|,1.0360,1.2802,1.0307,1.1861,0.9073,
89,2016,2017,2018,2019,2020,|,1.8156,1.0933,1.2659,1.0708,1.2035,
90,2016,2017,2018,2019,2020,|,0.1943,0.3099,0.3495,0.2596,0.2877,
91,2016,2017,2018,2019,2020,|,0.3954,0.4462,0.4350,0.5380,0.5395,
92,2016,2017,2018,2019,2020,|,1.4066,1.8678,1.5335,1.5453,1.6367,
93,2016,2017,2018,2019,2020,|,0.9813,0.8654,1.0432,1.3110,0.8311,
94,2016,2017,2018,2019,2020,|,2.5984,2.9869,2.1588,3.2768,2.3712,
95,2016,2017,2018,2019,2020,|,1.0824,0.9125,1.2227,1.1359,1.2018,
96,2016,2017,2018,2019,2020,|,1.6313,2.1100,1.4772,1.6786,2.2001,
97,2016,2017,2018,2019,2020,|,0.1435,0.4327,0.1761,0.1736,0.2155,
98,2016,2017,2018,2019,2020,|,0.6983,0.4546,0.6604,0.4659,0.5428,
99,2016,2017,2018,2019,2020,|,0.4913,0.4410,0.2541,0.4863,0.6368,
100,2016,2017,2018,2019,2020,|,0.7485,1.1979,1.0476,1.1632,0.8731,
101,2016,2017,2018,2019,2020,|,1.0893,0.7940,1.0648,0.8799,0.8855,
102,2016,2017,2018,2019,2020,|,inf,inf,inf,inf,inf,
103,2016,2017,2018,2019,2020,|,1.3739,1.1980,1.2385,1.0063,1.2161,
104,2016,2017,2018,2019,2020,|,0.3979,0.3788,0.4270,0.3300,0.4160,
105,2016,2017,2018,2019,2020,|,0.2496,0.2280,0.3130,0.1293,0.0595,
106,2016,2017,2018,2019,2020,|,0.2167,0.1226,0.1840,0.1084,0.1376,
107,2016,2017,2018,2019,2020,|,1.4701,2.2481,1.9793,1.8594,1.2706,
108,2016,2017,2018,2019,2020,|,1.3272,0.8191,1.5304,0.9090,1.4958,
109,2016,2017,2018,2019,2020,|,0.9429,0.9199,0.9054,1.4598,1.1852,
110,2016,2017,2018,2019,2020,|,0.7381,0.6789,1.0264,0.3520,0.3858,
111,2016,2017,2018,2019,2020,|,0.5581,0.5434,0.5556,0.7658,0.5693,
112,2016,2017,2018,2019,2020,|,0.8517,0.8729,0.6462,0.6505,0.6631,
113,2016,2017,2018,2019,2020,|,1.0950,0.4980,0.4794,0.5208,0.4822,
114,2016,2017,2018,2019,2020,|,2.2163,2.0535,2.6323,2.1061,2.0554,
115,2016,2017,2018,2019,2020,|,2.5681,2.3329,2.1323,1.7418,1.9302,
116,2016,2017,2018,2019,2020,|,1.3336,0.8636,1.1890,0.8689,1.1588,
117,2016,2017,2018,2019,2020,|,1.5054,0.9695,2.3855,1.3103,1.4709,
118,2016,2017,2018,2019,2020,|,1.7325,1.4571,1.7906,1.9292,1.8257,
119,2016,2017,2018,2019,2020,|,1.7422,1.7938,2.1963,1.3936,1.5877,
120,2016,2017,2018,2019,2020,|,1.4407,1.3710,1.3387,1.1822,0.7535,
121,2016,2017,2018,2019,2020,|,1.1637,1.3115,1.5076,1.7202,1.1737,
122,2016,2017,2018,2019,2020,|,1.5983,1.9272,2.0395,2.1560,2.4281,
123,2016,2017,2018,2019,2020,|,0.8880,0.7657,0.6465,0.5925,0.6346,
124,2016,2017,2018,2019,2020,|,1.6270,1.3477,1.4836,1.1715,1.1991,
125,2016,2017,2018,2019,2020,|,0.7274,0.7220,0.5335,0.5926,0.9190,
126,2016,2017,2018,2019,2020,|,0.3260,0.1888,0.1846,0.2946,0.2039,
127,2016,2017,2018,2019,2020,|,0.1830,0.1904,0.1991,0.1645,0.2079,
128,2016,2017,2018,2019,2020,|,1.9299,2.2622,1.8505,1.9656,1.5329,
129,2016,2017,2018,2019,2020,|,1.1968,1.0630,1.1730,1.1877,0.9748,
130,2016,2017,2018,2019,2020,|,0.8476,0.4867,0.5281,0.6615,1.1169,
131,2016,2017,2018,2019,2020,|,1.5545,1.0377,1.4203,1.2282,1.0390,
132,2016,2017,2018,2019,2020,|,0.6243,1.2778,0.7281,0.4286,nan,
133,2016,2017,2018,2019,2020,|,1.2399,1.2142,0.7556,1.2073,1.7567,
134,2016,2017,2018,2019,2020,|,1.1872,0.6539,0.7202,0.6257,nan,
135,2016,2017,2018,2019,2020,|,2.5350,2.1693,2.7205,2.4590,2.1869,
136,2016,2017,2018,2019,2020,|,2.9717,2.1260,1.7790,2.6629,1.8035,
137,2016,2017,2018,2019,2020,|,1.7095,1.8045,1.1634,1.4749,1.4691,
138,2016,2017,2018,2019,2020,|,0.6836,1.1939,1.3543,0.6855,1.5070,
139,2016,2017,2018,2019,2020,|,0.8699,0.3734,0.5731,0.7554,0.4317,
140,2016,2017,2018,2019,2020,|,0.3645,0.4684,0.6583,0.5728,0.5284,
141,2016,2017,2018,2019,2020,|,0.6571,1.2941,1.6123,1.3896,1.5413,
142,2016,2017,2018,2019,2020,|,0.6438,0.6459,0.5010,0.5757,0.5318,
143,2016,2017,2018,2019,2020,|,1.5397,1.5859,1.0058,1.1685,1.0995,
144,2016,2017,2018,2019,2020,|,2.1176,1.4496,2.3621,1.8667,1.5731,
145,2016,2017,2018,2019,2020,|,1.6860,1.5596,1.7651,1.6406,1.7663,
146,2016,2017,2018,2019,2020,|,0.2612,0.4703,0.4161,0.3253,0.2842,
147,2016,2017,2018,2019,2020,|,0.1415,0.1752,0.3123,0.1331,0.1012,
148,2016,2017,2018,2019,2020,|,0.8426,1.1674,0.7397,1.3233,0.7604,
149,2016,2017,2018,2019,2020,|,1.2317,1.3463,1.6194,1.3620,1.3010,
150,2016,2017,2018,2019,2020,|,2.2060,1.9328,1.9033,2.2948,1.9381,
151,2016,2017,2018,2019,2020,|,1.2917,1.2298,1.3690,1.3249,1.1691,
152,2016,2017,2018,2019,2020,|,0.9273,0.4758,0.4389,0.4810,0.4189,
153,2016,2017,2018,2019,2020,|,1.0506,1.1527,0.8595,0.9185,0.5867,
154,2016,2017,2018,2019,2020,|,1.4761,0.6389,0.7664,0.3767,0.4139,
155,2016,2017,2018,2019,2020,|,1.9950,1.8374,1.8107,2.0737,1.4403,
156,2016,2017,2018,2019,2020,|,0.8196,0.7748,0.6026,0.3770,0.2802,
157,2016,2017,2018,2019,2020,|,0.9988,1.0555,1.4745,1.1196,1.2105,
158,2016,2017,2018,2019,2020,|,1.2648,1.1147,1.3349,1.2226,nan,
159,2016,2017,2018,2019,2020,|,1.9279,1.4792,2.3748,2.4889,1.9373,
160,2016,2017,2018,2019,2020,|,1.1818,1.3459,1.7217,1.2623,1.1333,
161,2016,2017,2018,2019,2020,|,0.7444,0.2663,0.5189,0.5482,0.5596,
162,2016,2017,2018,2019,2020,|,1.2451,1.2711,1.1157,0.7467,0.7694,
163,2016,2017,2018,2019,2020,|,1.3539,1.2224,1.5957,1.3130,1.1182,
164,2016,2017,2018,2019,2020,|,0.7284,0.7400,0.8548,0.6294,0.9254,
165,2016,2017,2018,2019,2020,|,1.2922,1.4459,1.1440,0.8283,0.9875,
166,2016,2017,2018,2019,2020,|,1.0995,0.7164,0.8183,0.8307,0.6724,
167,2016,2017,2018,2019,2020,|,0.0820,0.1390,0.2099,0.1699,0.3633,
168,2016,2017,2018,2019,2020,|,0.4224,0.5173,0.4226,0.5037,0.6826,
169,2016,2017,2018,2019,2020,|,0.9229,0.8376,0.8993,0.9088,0.9692,
170,2016,2017,2018,2019,2020,|,1.4101,1.4904,1.5756,1.4609,0.9307,
171,2016,2017,2018,2019,2020,|,0.3661,0.4004,0.3834,0.5423,0.3962,
172,2016,2017,2018,2019,2020,|,1.0009,1.0554,0.6852,0.6157,0.3299,
173,2016,2017,2018,2019,2020,|,0.7389,0.8466,0.6344,0.7654,0.5957,
174,2016,2017,2018,2019,2020,|,2.2438,0.7873,0.8742,2.5342,0.5480,
175,2016,2017,2018,2019,2020,|,0.4259,0.4520,0.5708,0.4198,0.2625,
176,2016,2017,2018,2019,2020,|,1.3180,2.1203,0.9017,1.2078,0.8749,
177,2016,2017,2018,2019,2020,|,0.6495,1.0678,0.7424,0.5381,0.7012,
178,2016,2017,2018,2019,2020,|,1.4612,0.9960,1.0365,0.6637,1.0992,
179,2016,2017,2018,2019,2020,|,0.9593,1.1253,0.9491,1.1154,1.0296,
180,2016,2017,2018,2019,2020,|,1.8539,2.4367,2.2844,2.0277,3.2789,
181,2016,2017,2018,2019,2020,|,0.2441,0.1919,0.2147,0.3060,0.2934,
182,2016,2017,2018,2019,2020,|,0.6685,0.6430,0.6491,0.6564,0.6757,
183,2016,2017,2018,2019,2020,|,0.4133,0.5079,0.4176,0.4763,0.4541,
184,2016,2017,2018,2019,2020,|,0.8555,0.8169,0.8824,0.7813,1.2852,
185,2016,2017,2018,2019,2020,|,1.9523,1.5677,1.4266,1.7405,1.8427,
186,2016,2017,2018,2019,2020,|,1.9094,1.5699,2.1121,0.8270,0.5495,
187,2016,2017,2018,2019,2020,|,inf,inf,inf,inf,inf,
188,2016,2017,2018,2019,2020,|,1.1734,0.9143,0.5832,1.6659,1.0880,
189,2016,2017,2018,2019,2020,|,0.5489,0.4801,0.7098,0.6850,0.5559,
190,2016,2017,2018,2019,2020,|,1.7227,1.4443,1.8099,1.7935,2.0524,
191,2016,2017,2018,2019,2020,|,0.2652,0.4175,0.4507,0.4488,0.2326,
192,2016,2017,2018,2019,2020,|,0.9994,1.0151,1.3358,1.1552,1.1803,
193,2016,2017,2018,2019,2020,|,0.9804,1.1940,1.2823,1.0085,0.8636,
194,2016,2017,2018,2019,2020,|,1.5747,1.9651,1.2766,1.6369,1.6460,
195,2016,2017,2018,2019,2020,|,2.2805,1.4742,1.5115,1.3476,1.8212,
196,2016,2017,2018,2019,2020,|,1.6927,2.4104,1.5746,2.3659,1.5886,
197,2016,2017,2018,2019,2020,|,0.8497,0.8500,0.6908,0.7132,0.7601,
198,2016,2017,2018,2019,2020,|,2.0326,2.3304,2.6753,2.3974,2.3203,
199,2016,2017,2018,2019,2020,|,1.0214,1.9411,1.6987,1.7344,1.1471,
200,2016,2017,2018,2019,2020,|,0.8767,0.9170,0.7956,0.8008,0.7135,
201,2016,2017,2018,2019,2020,|,1.1225,0.7720,0.7482,0.5900,0.4727,
202,2016,2017,2018,2019,2020,|,2.8951,3.4190,3.5394,2.9627,3.2157,
203,2016,2017,2018,2019,2020,|,0.8932,0.6007,0.5948,0.7830,0.6463,
204,2016,2017,2018,2019,2020,|,1.1779,1.5940,1.2468,0.9379,1.2122,
205,2016,2017,2018,2019,2020,|,0.2496,0.2491,0.2241,0.1953,0.3235,
206,2016,2017,2018,2019,2020,|,1.0521,0.7087,0.8898,0.6604,0.5724,
207,2016,2017,2018,2019,2020,|,1.7683,1.1344,0.9541,1.2535,1.3760,
208,2016,2017,2018,2019,2020,|,0.8235,1.1800,0.7709,0.8703,0.9571,
209,2016,2017,2018,2019,2020,|,1.7178,1.6124,1.7980,2.0522,2.0095,
210,2016,2017,2018,2019,2020,|,1.6361,1.6990,1.5002,1.3424,1.3688,
211,2016,2017,2018,2019,2020,|,0.2847,0.2119,0.2443,0.4498,0.6025,
212,2016,2017,2018,2019,2020,|,0.1900,0.2280,0.2677,0.6464,0.3031,
213,2016,2017,2018,2019,2020,|,1.1524,1.1748,1.0577,1.2449,1.3848,
214,2016,2017,2018,2019,2020,|,1.2068,1.2213,1.1967,1.0548,nan,
215,2016,2017,2018,2019,2020,|,2.3664,1.8902,1.5313,1.4482,1.3839,
216,2016,2017,2018,2019,2020,|,0.2849,0.3575,0.3295,0.2462,0.2523,
217,2016,2017,2018,2019,2020,|,0.7045,0.5576,0.7440,0.5832,0.8059,
218,2016,2017,2018,2019,2020,|,1.0619,0.6798,1.2638,0.9553,0.6034,
219,2016,2017,2018,2019,2020,|,0.6282,0.8377,0.5761,0.4911,0.4574,
220,2016,2017,2018,2019,2020,|,0.7000,0.3809,0.3426,0.3372,0.2168,
221,2016,2017,2018,2019,2020,|,2.2103,1.2068,1.4974,1.7600,1.2470,
222,2016,2017,2018,2019,2020,|,1.8278,1.4565,1.0627,1.2538,1.0079,
223,2016,2017,2018,2019,2020,|,0.3705,0.4352,0.3956,0.2189,0.2079,
224,2016,2017,2018,2019,2020,|,0.4076,0.4571,0.5197,0.3766,0.3493,
225,2016,2017,2018,2019,2020,|,0.4490,0.3580,0.5635,0.4357,0.2874,
226,2016,2017,2018,2019,2020,|,0.6953,0.8965,0.6601,0.6508,0.4167,
227,2016,2017,2018,2019,2020,|,0.4885,0.4109,0.4729,0.4274,nan,
228,2016,2017,2018,2019,2020,|,1.2549,1.8255,2.8248,1.7798,1.8302,
229,2016,2017,2018,2019,2020,|,0.7539,0.5041,1.1379,0.6885,0.3251,
230,2016,2017,2018,2019,2020,|,0.4898,1.0313,0.7557,1.2962,1.2246,
231,2016,2017,2018,2019,2020,|,0.5267,0.4651,0.5426,0.8567,0.4343,
232,2016,2017,2018,2019,2020,|,0.5816,0.3939,0.2426,0.2802,0.3005,
233,2016,2017,2018,2019,2020,|,1.1093,1.3829,1.0237,1.1048,0.6889,
234,2016,2017,2018,2019,2020,|,0.6761,0.5887,0.8012,0.9395,0.4770,
235,2016,2017,2018,2019,2020,|,0.9616,1.0542,1.2942,1.3122,1.7722,
236,2016,2017,2018,2019,2020,|,2.5156,1.8935,1.5217,2.2078,1.4153,
237,2016,2017,2018,2019,2020,|,1.2064,1.4990,1.7024,1.7671,1.3863,
238,2016,2017,2018,2019,2020,|,0.5111,0.7578,0.4659,0.3968,0.3874,
239,2016,2017,2018,2019,2020,|,1.1785,1.6036,1.3706,1.0247,1.1591,
240,2016,2017,2018,2019,2020,|,inf,inf,inf,inf,inf,
241,2016,2017,2018,2019,2020,|,0.7114,0.5864,0.5362,0.4409,0.6997,
242,2016,2017,2018,2019,2020,|,0.6128,0.9277,1.2964,1.2509,1.0863,
243,2016,2017,2018,2019,2020,|,0.9439,0.8852,0.8459,0.9660,0.7292,
244,2016,2017,2018,2019,2020,|,1.0645,1.2358,1.0786,1.4275,1.2175,
245,2016,2017,2018,2019,2020,|,0.4752,0.4360,0.5663,0.6484,0.6392,
246,2016,2017,2018,2019,2020,|,1.3326,1.5658,0.7954,1.1170,0.8184,
247,2016,2017,2018,2019,2020,|,0.7363,0.7589,0.6892,0.4930,0.3956,
248,2016,2017,2018,2019,2020,|,2.0013,1.9174,1.7249,2.2092,3.0268,
249,2016,2017,2018,2019,2020,|,1.4037,0.7466,1.0172,1.2480,1.1065,
250,2016,2017,2018,2019,2020,|,1.3971,1.3169,1.2737,1.3087,1.5530,
251,2016,2017,2018,2019,2020,|,1.8275,1.2592,1.7750,2.0173,1.6747,
252,2016,2017,2018,2019,2020,|,1.6707,2.0338,1.9498,1.1728,1.7379,
253,2016,2017,2018,2019,2020,|,0.6797,0.6633,0.7677,0.5356,0.5565,
254,2016,2017,2018,2019,2020,|,2.1944,1.9959,1.8567,1.8784,1.9939,
255,2016,2017,2018,2019,2020,|,0.8060,0.9479,0.6093,0.4462,0.4940,
256,2016,2017,2018,2019,2020,|,0.7054,0.8065,0.6789,0.5319,nan,
257,2016,2017,2018,2019,2020,|,1.4792,1.5583,1.4239,1.2676,1.3310,
258,2016,2017,2018,2019,2020,|,2.5191,2.9479,2.0796,2.5273,1.8660,
259,2016,2017,2018,2019,2020,|,1.7008,2.0127,2.1861,2.6892,2.1760,
260,2016,2017,2018,2019,2020,|,inf,inf,inf,inf,inf,
261,2016,2017,2018,2019,2020,|,1.0208,1.5831,1.5828,1.1086,1.4659,
262,2016,2017,2018,2019,2020,|,0.2758,0.2958,0.3684,0.2182,0.2675,
263,2016,2017,2018,2019,2020,|,1.8623,1.0616,1.0706,1.1922,0.8575,
264,2016,2017,2018,2019,2020,|,0.7288,0.5420,0.7579,0.5094,0.3882,
265,2016,2017,2018,2019,2020,|,0.8032,1.0956,1.0366,0.8628,1.0471,
266,2016,2017,2018,2019,2020,|,0.6255,0.6296,0.5037,0.4997,0.4123,
267,2016,2017,2018,2019,2020,|,0.2044,0.3331,0.5620,0.3085,0.4986,
268,2016,2017,2018,2019,2020,|,0.5423,0.5292,0.7091,0.4127,0.5867,
269,2016,2017,2018,2019,2020,|,1.8550,1.9751,2.2810,1.9690,1.7313,
270,2016,2017,2018,2019,2020,|,0.5005,0.8816,0.4945,0.4337,0.4233,
271,2016,2017,2018,2019,2020,|,1.0879,1.3205,1.2350,0.7703,0.8919,
272,2016,2017,2018,2019,2020,|,1.8129,1.1765,1.1712,1.7456,1.9070,
273,2016,2017,2018,2019,2020,|,1.4277,0.6834,1.0584,1.6487,1.2024,
274,2016,2017,2018,2019,2020,|,1.6772,1.7992,2.3213,1.4144,1.3054,
275,2016,2017,2018,2019,2020,|,0.2780,0.4923,0.3993,0.2030,0.2540,
276,2016,2017,2018,2019,2020,|,0.6671,0.4589,0.3448,0.4535,0.4790,
277,2016,2017,2018,2019,2020,|,0.4945,0.7630,0.7645,0.7426,0.4451,
278,2016,2017,2018,2019,2020,|,1.6917,1.8531,1.5829,1.2955,1.6575,
279,2016,2017,2018,2019,2020,|,0.8673,1.6330,0.5821,0.8900,0.6016,
280,2016,2017,2018,2019,2020,|,1.8610,2.5281,2.1236,1.1089,1.6318,
281,2016,2017,2018,2019,2020,|,1.7583,1.3382,1.6475,1.7061,1.3915,
282,2016,2017,2018,2019,2020,|,0.9763,0.6666,0.6654,0.8826,0.9262,
283,2016,2017,2018,2019,2020,|,0.4559,0.5764,0.4474,0.5697,0.4723,
284,2016,2017,2018,2019,2020,|,0.5741,0.5026,0.3854,0.4248,0.2289,
285,2016,2017,2018,2019,2020,|,1.3939,1.9457,2.1824,2.1439,1.8592,
286,2016,2017,2018,2019,2020,|,1.7230,1.2112,1.0649,1.2613,1.5162,
287,2016,2017,2018,2019,2020,|,0.4626,0.4115,0.4003,0.4227,0.4071,
288,2016,2017,2018,2019,2020,|,0.8956,1.0925,1.1033,1.1061,1.0933,
289,2016,2017,2018,2019,2020,|,1.6398,1.8549,3.5835,3.4309,2.3985,
290,2016,2017,2018,2019,2020,|,3.5561,2.5933,2.5690,2.8650,2.0935,
291,2016,2017,2018,2019,2020,|,1.2503,1.2393,0.9538,0.8185,nan,
292,2016,2017,2018,2019,2020,|,1.4219,2.1580,2.3228,2.8009,2.9867,
293,2016,2017,2018,2019,2020,|,0.6464,1.0095,1.1134,0.9306,0.8313,
294,2016,2017,2018,2019,2020,|,0.5572,0.4796,0.2472,0.3834,0.5714,
295,2016,2017,2018,2019,2020,|,0.5164,0.6341,0.3392,0.4216,0.0765,
296,2016,2017,2018,2019,2020,|,1.6525,1.7581,1.2880,2.0461,1.3149,
297,2016,2017,2018,2019,2020,|,1.1165,1.1357,1.2036,1.4368,1.0349,
298,2016,2017,2018,2019,2020,|,2.0549,2.1329,1.7193,1.5859,1.3650,
299,2016,2017,2018,2019,2020,|,0.6434,0.6744,0.8357,0.8856,nan,
300,2016,2017,2018,2019,2020,|,0.5369,0.4878,0.3727,0.3357,0.3184,
301,2016,2017,2018,2019,2020,|,0.1415,0.2411,0.2999,0.3311,0.2569,
302,2016,2017,2018,2019,2020,|,1.0127,1.4769,1.1687,1.1078,nan,
303,2016,2017,2018,2019,2020,|,0.7183,0.7424,0.9261,0.7729,0.7262,
304,2016,2017,2018,2019,2020,|,1.0397,1.4124,1.2483,1.2848,1.6391,
305,2016,2017,2018,2019,2020,|,0.3721,0.5289,0.4236,0.3117,0.1930,
306,2016,2017,2018,2019,2020,|,2.0323,2.6910,2.6358,1.6877,1.8951,
307,2016,2017,2018,2019,2020,|,2.2002,1.7950,1.5136,1.5878,1.2827,
308,2016,2017,2018,2019,2020,|,1.0334,0.9509,1.0948,0.5698,0.6535,
309,2016,2017,2018,2019,2020,|,2.5229,1.2316,1.3172,2.0442,1.9589,
310,2016,2017,2018,2019,2020,|,1.2254,0.6476,0.4774,0.5677,0.4980,
311,2016,2017,2018,2019,2020,|,1.7028,1.0629,2.3078,1.4211,2.5999,
312,2016,2017,2018,2019,2020,|,0.9648,0.8499,0.8972,0.8754,0.9129,
313,2016,2017,2018,2019,2020,|,1.3518,1.1828,0.9800,1.3010,1.2500,
314,2016,2017,2018,2019,2020,|,0.4103,0.9045,0.5334,0.3411,0.4778,
315,2016,2017,2018,2019,2020,|,1.7908,1.0749,1.4518,1.1237,1.5382,
316,2016,2017,2018,2019,2020,|,0.2870,0.2435,0.1188,0.2453,0.1387,
317,2016,2017,2018,2019,2020,|,0.3797,0.6471,0.3620,0.5095,0.3227,
318,2016,2017,2018,2019,2020,|,1.9148,1.9505,2.0528,1.6751,2.1245,
319,2016,2017,2018,2019,2020,|,1.6422,1.5348,1.5534,2.6389,2.0716,
320,2016,2017,2018,2019,2020,|,0.2898,0.3734,0.3766,0.2052,0.5711,
321,2016,2017,2018,2019,2020,|,0.3011,0.3393,0.3549,0.3802,0.2572,
322,2016,2017,2018,2019,2020,|,0.5735,0.6663,0.4778,0.3992,0.3222,
323,2016,2017,2018,2019,2020,|,1.4468,1.2545,1.5118,1.2686,1.4581,
324,2016,2017,2018,2019,2020,|,1.5591,1.2983,0.8408,1.7466,1.3424,
325,2016,2017,2018,2019,2020,|,0.7262,0.5018,0.4843,0.7470,0.5017,
326,2016,2017,2018,2019,2020,|,0.4737,0.6965,0.6367,0.5577,0.6123,
327,2016,2017,2018,2019,2020,|,0.7216,0.4290,0.4777,0.5756,0.6000,
328,2016,2017,2018,2019,2020,|,2.3910,1.5581,1.8256,1.6441,1.4852,
329,2016,2017,2018,2019,2020,|,2.1311,2.1611,1.5617,1.2237,nan,
330,2016,2017,2018,2019,2020,|,2.5272,1.2196,1.2879,1.7069,1.0936,
331,2016,2017,2018,2019,2020,|,1.2860,1.1485,1.7963,1.6702,nan,
332,2016,2017,2018,2019,2020,|,1.3273,1.7115,1.8794,1.6126,1.5782,
333,2016,2017,2018,2019,2020,|,0.9733,0.9719,0.9369,1.0048,1.2907,
334,2016,2017,2018,2019,2020,|,0.5958,0.8597,0.7287,1.1227,0.7379,
335,2016,2017,2018,2019,2020,|,1.2767,3.5782,1.8875,2.2581,2.0467,
336,2016,2017,2018,2019,2020,|,0.2833,0.2437,0.2765,0.3152,0.2732,
337,2016,2017,2018,2019,2020,|,0.7964,0.8674,0.5520,0.3068,0.2285,
338,2016,2017,2018,2019,2020,|,0.7560,2.1553,1.7732,1.4565,1.9983,
339,2016,2017,2018,2019,2020,|,0.9715,0.9341,0.9670,0.9202,0.5922,
340,2016,2017,2018,2019,2020,|,0.3641,0.4285,0.4045,0.4768,0.5283,
341,2016,2017,2018,2019,2020,|,1.4592,1.0524,1.5791,2.1629,1.4293,
342,2016,2017,2018,2019,2020,|,0.3886,0.5371,0.6765,0.4003,0.5429,
343,2016,2017,2018,2019,2020,|,1.1151,0.9322,0.7390,0.8998,0.5173,
344,2016,2017,2018,2019,2020,|,1.0056,0.6979,0.8968,0.7748,1.0774,
345,2016,2017,2018,2019,2020,|,0.7690,0.8400,0.9282,0.4420,0.3406,
346,2016,2017,2018,2019,2020,|,0.6973,1.3275,0.7432,0.9276,0.5349,
347,2016,2017,2018,2019,2020,|,1.5783,1.9023,1.9706,1.2378,1.2557,
348,2016,2017,2018,2019,2020,|,1.1968,1.2599,1.3500,1.2059,1.2598,
349,2016,2017,2018,2019,2020,|,1.4297,0.6632,0.7382,1.0743,0.9218,
350,2016,2017,2018,2019,2020,|,1.8552,1.7468,1.7715,1.7885,1.9746,
351,2016,2017,2018,2019,2020,|,1.7345,1.8609,1.7917,1.3218,2.3512,
352,2016,2017,2018,2019,2020,|,0.3761,0.7837,0.4391,0.6795,0.3837,
353,2016,2017,2018,2019,2020,|,1.1059,0.9096,1.1877,1.3365,1.2207,
354,2016,2017,2018,2019,2020,|,2.7002,1.4283,1.6948,1.4873,1.2576,
355,2016,2017,2018,2019,2020,|,1.1579,1.1948,1.0836,0.7737,0.8163,
356,2016,2017,2018,2019,2020,|,1.2393,0.9502,1.1087,0.9814,0.7126,
357,2016,2017,2018,2019,2020,|,1.1226,0.9181,2.3798,0.9928,2.5245,
358,2016,2017,2018,2019,2020,|,0.6328,1.0139,0.4425,0.2460,0.4619,
359,2016,2017,2018,2019,2020,|,0.5089,0.7188,0.5864,0.6640,0.5399,
360,2016,2017,2018,2019,2020,|,1.0035,1.1110,0.7814,0.5684,inf,
361,2016,2017,2018,2019,2020,|,1.2931,0.8697,1.2080,0.8659,0.9322,
362,2016,2017,2018,2019,2020,|,0.9574,1.4863,1.1241,1.0115,1.3367,
363,2016,2017,2018,2019,2020,|,1.4232,2.2540,1.4774,1.3907,1.4460,
364,2016,2017,2018,2019,2020,|,1.4820,2.0080,1.3772,0.9693,0.8854,
365,2016,2017,2018,2019,2020,|,1.2327,1.0057,1.0240,1.1374,1.1207,
366,2016,2017,2018,2019,2020,|,1.9881,1.1308,1.1481,0.8111,nan,
367,2016,2017,2018,2019,2020,|,1.7291,1.9663,1.5553,1.7170,1.0018,
368,2016,2017,2018,2019,2020,|,0.3936,0.4457,0.5806,0.4251,0.3240,
369,2016,2017,2018,2019,2020,|,1.4606,1.6512,1.4829,1.3980,1.1716,
370,2016,2017,2018,2019,2020,|,1.4757,0.2023,0.3691,0.4341,0.6609,
371,2016,2017,2018,2019,2020,|,0.6245,0.8796,0.7051,0.4017,0.4533,
372,2016,2017,2018,2019,2020,|,0.2125,0.2240,0.1796,0.1581,0.1852,
373,2016,2017,2018,2019,2020,|,0.1433,0.2126,0.1036,0.0800,0.1037,
374,2016,2017,2018,2019,2020,|,1.8460,2.6085,1.8922,2.4044,1.4246,
375,2016,2017,2018,2019,2020,|,0.1500,0.2159,0.2779,0.3082,0.1785,
376,2016,2017,2018,2019,2020,|,0.6400,0.7394,0.5840,0.5275,0.4938,
377,2016,2017,2018,2019,2020,|,0.6124,0.7144,0.5808,0.4138,0.4957,
378,2016,2017,2018,2019,2020,|,1.3670,1.4609,0.7313,0.6961,0.8353,
379,2016,2017,2018,2019,2020,|,0.7167,0.6881,0.7672,0.7986,0.6397,
380,2016,2017,2018,2019,2020,|,1.4975,1.1496,1.4367,1.1207,1.1965,
381,2016,2017,2018,2019,2020,|,0.5388,0.6386,0.4346,0.4276,0.3375,
382,2016,2017,2018,2019,2020,|,0.7621,0.9785,0.8645,0.8542,0.9393,
383,2016,2017,2018,2019,2020,|,1.8339,1.8495,1.3143,1.6619,1.2752,
384,2016,2017,2018,2019,2020,|,1.5408,1.2150,1.5621,1.5199,1.8056,
385,2016,2017,2018,2019,2020,|,0.5989,0.5882,0.4870,0.7861,1.1118,
386,2016,2017,2018,2019,2020,|,2.5722,1.8653,1.4824,1.2645,inf,
387,2016,2017,2018,2019,2020,|,1.0445,0.9344,1.3247,1.3860,nan,
388,2016,2017,2018,2019,2020,|,1.6746,1.0382,0.7571,0.8833,0.6073,
389,2016,2017,2018,2019,2020,|,0.5000,0.2590,0.4185,0.2746,0.2354,
390,2016,2017,2018,2019,2020,|,1.9019,1.0002,1.1134,0.7810,0.8265,
391,2016,2017,2018,2019,2020,|,1.8221,2.3438,2.5417,1.9604,2.4438,
392,2016,2017,2018,2019,2020,|,0.8288,1.0137,0.8962,0.7740,0.7747,
393,2016,2017,2018,2019,2020,|,0.3935,0.4769,0.5619,0.4600,0.3816,
394,2016,2017,2018,2019,2020,|,1.4412,1.7503,1.3252,1.2144,1.5048,
395,2016,2017,2018,2019,2020,|,1.3829,1.1707,1.4819,1.2117,1.0524,
396,2016,2017,2018,2019,2020,|,1.4800,1.0485,2.8690,1.8041,2.2377,
397,2016,2017,2018,2019,2020,|,0.4919,1.0595,1.1848,0.9269,0.9482,
398,2016,2017,2018,2019,2020,|,0.4822,0.4468,0.6490,0.2917,0.4821,
399,2016,2017,2018,2019,2020,|,1.2220,0.5291,0.9816,0.7825,0.5057,
400,2016,2017,2018,2019,2020,|,0.5113,0.3328,0.5330,0.4614,0.3747,
401,2016,2017,2018,2019,2020,|,0.4911,0.4433,0.5415,0.4262,0.5170,
402,2016,2017,2018,2019,2020,|,0.3420,0.3205,0.2660,0.3272,0.2137,
403,2016,2017,2018,2019,2020,|,1.4497,1.5276,1.0980,1.6727,1.7071,
404,2016,2017,2018,2019,2020,|,0.9853,1.1179,1.1986,1.2530,1.1842,
405,2016,2017,2018,2019,2020,|,1.1535,1.4674,1.7984,1.3634,1.6098,
406,2016,2017,2018,2019,2020,|,1.2018,1.7928,1.5848,1.8375,1.4965,
407,2016,2017,2018,2019,2020,|,1.4782,1.8478,1.3431,1.3912,1.7367,
408,2016,2017,2018,2019,2020,|,0.7371,0.8172,1.0920,0.6367,0.9972,
409,2016,2017,2018,2019,2020,|,1.0232,1.3835,2.2242,1.3908,1.9410,
410,2016,2017,2018,2019,2020,|,inf,inf,inf,inf,inf,
411,2016,2017,2018,2019,2020,|,1.0148,1.1820,1.1204,0.7992,1.0656,
412,2016,2017,2018,2019,2020,|,1.0305,1.1672,1.3191,1.5747,1.2505,
413,2016,2017,2018,2019,2020,|,1.6885,1.5097,2.0369,1.6482,1.9328,
414,2016,2017,2018,2019,2020,|,0.8635,1.0605,0.5859,0.4805,0.8687,
415,2016,2017,2018,2019,2020,|,0.5337,0.7804,0.8189,0.7393,0.5352,
416,2016,2017,2018,2019,2020,|,1.0112,0.7646,0.6210,0.6230,0.4777,
417,2016,2017,2018,2019,2020,|,0.3011,0.4025,0.2863,0.1741,0.4307,
418,2016,2017,2018,2019,2020,|,0.2465,0.2754,0.3799,0.3173,0.4150,
419,2016,2017,2018,2019,2020,|,0.6517,1.2470,1.4473,0.3492,0.9387,
420,2016,2017,2018,2019,2020,|,0.4024,0.2279,0.4339,0.2895,0.3004,
421,2016,2017,2018,2019,2020,|,0.7904,1.0007,1.1116,0.7065,1.2929,
422,2016,2017,2018,2019,2020,|,0.8076,0.8899,1.2393,0.7844,0.9019,
423,2016,2017,2018,2019,2020,|,0.5967,0.6882,0.9081,0.6126,0.7590,
424,2016,2017,2018,2019,2020,|,0.3762,0.4440,0.4296,0.4052,0.4628,
425,2016,2017,2018,2019,2020,|,2.0950,1.0291,0.8630,0.9204,0.5879,
426,2016,2017,2018,2019,2020,|,0.5437,0.9832,0.7648,0.9593,0.7417,
427,2016,2017,2018,2019,2020,|,1.1439,0.6705,1.0464,1.6336,1.0836,
428,2016,2017,2018,2019,2020,|,1.0533,0.8982,0.9380,0.7854,1.0982,
429,2016,2017,2018,2019,2020,|,0.5157,0.3122,0.3492,0.2354,nan,
430,2016,2017,2018,2019,2020,|,1.2303,1.1052,1.0613,1.4017,1.1618,
431,2016,2017,2018,2019,2020,|,0.6407,0.6236,0.9065,1.1900,0.8873,
432,2016,2017,2018,2019,2020,|,1.0099,1.0387,1.7356,1.6923,1.2466,
433,2016,2017,2018,2019,2020,|,0.5447,0.6978,0.5686,0.5313,0.4348,
434,2016,2017,2018,2019,2020,|,0.5384,0.6603,0.2627,0.3527,0.4185,
435,2016,2017,2018,2019,2020,|,0.5787,0.9024,0.8245,0.5201,0.4580,
436,2016,2017,2018,2019,2020,|,2.1761,2.4035,2.7560,2.1147,2.8074,
437,2016,2017,2018,2019,2020,|,0.2993,0.1848,0.1948,0.3287,0.1313,
438,2016,2017,2018,2019,2020,|,0.3788,0.3400,0.2640,0.2324,0.1992,
439,2016,2017,2018,2019,2020,|,1.9122,1.9161,1.5790,1.9699,2.1044,
440,2016,2017,2018,2019,2020,|,1.7331,1.4522,1.5182,2.0548,1.4413,
441,2016,2017,2018,2019,2020,|,0.1390,0.1753,0.3027,0.1056,0.0575,
442,2016,2017,2018,2019,2020,|,0.7165,1.0483,1.0016,1.0950,0.8585,
443,2016,2017,2018,2019,2020,|,0.2199,0.2190,0.3905,0.3806,0.3736,
444,2016,2017,2018,2019,2020,|,1.5218,1.5154,1.5386,1.8863,1.2508,
445,2016,2017,2018,2019,2020,|,1.0556,1.5273,0.9457,0.7558,0.8533,
446,2016,2017,2018,2019,2020,|,1.0828,0.8379,0.7067,1.1829,0.8619,
447,2016,2017,2018,2019,2020,|,0.2904,0.2753,0.1934,0.1245,0.2412,
448,2016,2017,2018,2019,2020,|,1.4714,1.7158,1.4868,1.3781,1.5495,
449,2016,2017,2018,2019,2020,|,0.3748,0.4850,0.6170,0.6504,0.4468,
450,2016,2017,2018,2019,2020,|,1.1523,1.3328,0.6586,0.5803,0.7198,
451,2016,2017,2018,2019,2020,|,1.7409,1.5062,1.1946,1.6655,1.8407,
452,2016,2017,2018,2019,2020,|,0.6488,1.0929,0.8383,0.4821,1.1965,
453,2016,2017,2018,2019,2020,|,1.0137,0.5019,0.7346,1.2706,0.2540,
454,2016,2017,2018,2019,2020,|,0.6548,0.5863,0.3894,0.4574,0.1977,
455,2016,2017,2018,2019,2020,|,0.7827,1.8183,1.1561,1.3707,0.9849,
456,2016,2017,2018,2019,2020,|,1.0847,1.2724,1.2240,1.1224,1.4812,
457,2016,2017,2018,2019,2020,|,0.6480,0.8825,0.6597,0.8657,0.9643,
458,2016,2017,2018,2019,2020,|,0.4057,0.4564,0.4988,0.3860,0.3392,
459,2016,2017,2018,2019,2020,|,0.6764,0.5074,0.4509,0.7362,0.4774,
460,2016,2017,2018,2019,2020,|,0.5152,0.5600,0.4460,0.6547,0.6810,
461,2016,2017,2018,2019,2020,|,0.8564,0.7355,0.5307,0.4191,0.2948,
462,2016,2017,2018,2019,2020,|,1.4814,1.6615,2.1084,2.1871,2.7937,
463,2016,2017,2018,2019,2020,|,0.8129,0.4886,0.6178,0.8147,0.9808,
464,2016,2017,2018,2019,2020,|,1.0815,0.8502,0.9843,0.6345,0.8631,
465,2016,2017,2018,2019,2020,|,0.8637,1.1039,0.9352,0.6802,0.8565,
466,2016,2017,2018,2019,2020,|,0.3447,0.3377,0.3270,0.4413,0.4230,
467,2016,2017,2018,2019,2020,|,0.2799,0.4995,0.5036,0.3769,0.4419,
468,2016,2017,2018,2019,2020,|,1.5876,1.0423,0.5734,1.6393,0.8291,
469,2016,2017,2018,2019,2020,|,0.0778,0.0754,0.1424,0.1816,0.1006,
470,2016,2017,2018,2019,2020,|,0.4439,0.2314,0.3674,0.4620,0.2407,
471,2016,2017,2018,2019,2020,|,0.7089,0.9463,1.1223,0.8734,0.8707,
472,2016,2017,2018,2019,2020,|,2.0116,2.4053,1.9865,1.6780,1.4448,
473,2016,2017,2018,2019,2020,|,1.2073,1.2590,1.6141,0.6382,0.4922,
474,2016,2017,2018,2019,2020,|,0.9853,0.3759,0.4275,0.4235,0.3585,
475,2016,2017,2018,2019,2020,|,0.8839,0.8022,0.8272,0.8698,0.8025,
476,2016,2017,2018,2019,2020,|,0.9082,0.5296,0.7742,1.1168,0.6236,
477,2016,2017,2018,2019,2020,|,1.6644,1.6089,2.0095,1.9504,1.1555,
478,2016,2017,2018,2019,2020,|,0.9581,0.8960,0.9081,0.9590,0.8878,
479,2016,2017,2018,2019,2020,|,1.0285,1.0315,1.1714,0.9192,1.7773,
480,2016,2017,2018,2019,2020,|,0.6131,0.3512,0.4741,0.4078,nan,
481,2016,2017,2018,2019,2020,|,1.2276,0.8647,1.0812,0.8979,inf,
482,2016,2017,2018,2019,2020,|,0.7691,0.6356,0.9020,0.8341,0.8448,
483,2016,2017,2018,2019,2020,|,2.0447,1.3355,1.2258,0.9948,nan,
484,2016,2017,2018,2019,2020,|,0.2544,0.2382,0.2671,0.1164,0.2564,
485,2016,2017,2018,2019,2020,|,0.6417,0.7114,0.3995,0.3569,0.3313,
486,2016,2017,2018,2019,2020,|,0.1456,0.1752,0.1260,0.1640,0.1464,
487,2016,2017,2018,2019,2020,|,1.2436,0.8088,0.6597,0.9679,0.8233,
488,2016,2017,2018,2019,2020,|,0.5456,1.3524,0.9654,0.7730,1.1690,
489,2016,2017,2018,2019,2020,|,0.4849,0.7368,0.9680,0.4416,nan,
490,2016,2017,2018,2019,2020,|,1.1107,1.0615,0.6663,0.7837,0.9500,
491,2016,2017,2018,2019,2020,|,1.7134,1.2790,1.6980,1.5020,1.9140,
492,2016,2017,2018,2019,2020,|,0.5504,0.5612,0.7529,0.5076,0.4301,
493,2016,2017,2018,2019,2020,|,2.5766,2.2499,2.7414,2.4559,3.1004,
494,2016,2017,2018,2019,2020,|,0.2824,0.2656,0.4167,0.2009,0.2450,
495,2016,2017,2018,2019,2020,|,1.2240,0.5813,0.8030,1.6778,0.7301,
496,2016,2017,2018,2019,2020,|,0.9987,1.2503,0.9260,1.0600,1.0254,
497,2016,2017,2018,2019,2020,|,0.5852,0.7180,0.6508,0.6429,0.5029,
498,2016,2017,2018,2019,2020,|,0.7418,0.6495,0.4494,0.2960,nan,
499,2016,2017,2018,2019,2020,|,1.3998,1.6419,1.8345,2.2828,1.8222,
500,2016,2017,2018,2019,2020,|,0.7208,0.8190,0.6645,0.6467,0.5317,
501,2016,2017,2018,2019,2020,|,1.2441,1.1629,1.0545,1.2220,1.0325,
502,2016,2017,2018,2019,2020,|,1.0035,0.9205,1.2414,1.3165,0.8237,
503,2016,2017,2018,2019,2020,|,1.5007,1.5680,1.6660,1.1967,1.3692,
504,2016,2017,2018,2019,2020,|,1.1405,0.8814,0.9723,1.0545,0.6288,
505,2016,2017,2018,2019,2020,|,1.5189,1.0311,1.6788,1.6522,2.3525,
506,2016,2017,2018,2019,2020,|,0.8173,1.1590,1.1151,1.7877,1.7139,
507,2016,2017,2018,2019,2020,|,0.1072,0.1534,0.0927,0.1058,0.0944,
508,2016,2017,2018,2019,2020,|,1.1822,1.5067,1.2617,1.1231,0.6538,
509,2016,2017,2018,2019,2020,|,1.8679,0.8552,0.9983,1.3786,2.7278,
510,2016,2017,2018,2019,2020,|,0.8178,0.9021,0.9021,0.7051,0.7856,
511,2016,2017,2018,2019,2020,|,0.2136,0.3746,0.1495,0.2101,0.2540,
512,2016,2017,2018,2019,2020,|,0.4734,0.4595,0.7768,0.4512,0.3265,
513,2016,2017,2018,2019,2020,|,0.5341,0.4079,0.4925,0.7402,0.4880,
514,2016,2017,2018,2019,2020,|,0.0509,0.0651,0.0924,0.0601,0.0253,
515,2016,2017,2018,2019,2020,|,0.7830,0.4066,0.4722,0.5131,0.5504,
516,2016,2017,2018,2019,2020,|,1.9944,0.9860,1.7726,1.6146,1.8427,
517,2016,2017,2018,2019,2020,|,0.9142,1.2428,1.4039,0.8131,1.6497,
518,2016,2017,2018,2019,2020,|,1.1231,1.5547,1.5766,1.7741,1.6161,
519,2016,2017,2018,2019,2020,|,0.7740,0.5315,0.5804,0.7581,0.4837,
520,2016,2017,2018,2019,2020,|,1.2501,1.9100,1.1431,1.2070,nan,
521,2016,2017,2018,2019,2020,|,0.9843,0.9307,0.8396,0.7815,0.9167,
522,2016,2017,2018,2019,2020,|,1.7593,1.7476,1.3516,1.0998,1.3386,
523,2016,2017,2018,2019,2020,|,0.5880,0.6328,0.7883,0.5546,0.5793,
524,2016,2017,2018,2019,2020,|,0.7163,0.5543,0.8506,0.6565,0.6694,
525,2016,2017,2018,2019,2020,|,0.7623,0.7626,0.5065,0.8123,1.0750,
526,2016,2017,2018,2019,2020,|,0.8367,1.2936,1.3165,1.0233,1.0109,
527,2016,2017,2018,2019,2020,|,1.5362,1.4672,1.6738,1.5350,1.8105,
528,2016,2017,2018,2019,2020,|,1.0160,0.9475,1.1368,1.0258,0.8081,
529,2016,2017,2018,2019,2020,|,0.4746,0.3723,0.3516,0.5056,0.4821,
530,2016,2017,2018,2019,2020,|,1.3754,1.0183,1.1496,1.5046,0.9112,
531,2016,2017,2018,2019,2020,|,1.3790,0.9879,1.0078,0.8362,inf,
532,2016,2017,2018,2019,2020,|,0.1857,0.1943,0.1373,0.2827,0.1313,
533,2016,2017,2018,2019,2020,|,1.5286,2.6754,1.9293,2.0341,2.0843,
534,2016,2017,2018,2019,2020,|,1.2965,1.3852,1.2765,1.1566,1.1094,
535,2016,2017,2018,2019,2020,|,1.0515,0.7216,0.6203,1.3105,0.6977,
536,2016,2017,2018,2019,2020,|,0.2052,0.3815,0.4375,0.3304,0.3541,
537,2016,2017,2018,2019,2020,|,0.5957,0.5887,0.4503,0.5517,0.4764,
538,2016,2017,2018,2019,2020,|,1.1370,0.8889,1.3780,1.1541,1.4896,
539,2016,2017,2018,2019,2020,|,1.9972,1.8674,1.0831,1.2140,1.1736,
540,2016,2017,2018,2019,2020,|,1.2773,0.7236,0.9977,0.8057,inf,
541,2016,2017,2018,2019,2020,|,0.3410,0.6252,0.8463,0.3086,0.6634,
542,2016,2017,2018,2019,2020,|,0.7577,2.0110,0.7094,0.5396,nan,
543,2016,2017,2018,2019,2020,|,1.5432,2.0325,1.6336,1.7180,1.9144,
544,2016,2017,2018,2019,2020,|,1.2709,0.9931,0.8610,0.9349,0.8756,
545,2016,2017,2018,2019,2020,|,1.2327,1.4926,1.2183,1.3449,1.3881,
546,2016,2017,2018,2019,2020,|,1.1635,0.8949,1.0810,1.0303,1.2763,
547,2016,2017,2018,2019,2020,|,0.6811,0.8579,1.0869,0.6307,0.5790,
548,2016,2017,2018,2019,2020,|,1.8287,2.0823,2.5161,1.8767,1.5640,
549,2016,2017,2018,2019,2020,|,0.8395,0.7018,0.6996,0.7543,0.8983,
550,2016,2017,2018,2019,2020,|,0.8062,0.8601,0.9244,1.0982,0.9011,
551,2016,2017,2018,2019,2020,|,0.4107,0.7223,0.8477,0.9815,0.5394,
552,2016,2017,2018,2019,2020,|,2.2006,2.8910,2.3112,1.7692,1.9854,
553,2016,2017,2018,2019,2020,|,1.0956,1.0645,0.9493,1.1157,0.9575,
554,2016,2017,2018,2019,2020,|,1.7640,1.5073,1.8821,1.6303,1.6046,
555,2016,2017,2018,2019,2020,|,1.6537,1.7891,1.5349,2.2084,2.0235,
556,2016,2017,2018,2019,2020,|,0.8550,0.4505,0.6032,0.3789,0.5332,
557,2016,2017,2018,2019,2020,|,0.4829,0.4984,0.4806,0.9690,0.6171,
558,2016,2017,2018,2019,2020,|,1.5691,2.4249,1.8909,1.9821,2.2445,
559,2016,2017,2018,2019,2020,|,0.7901,0.7730,0.5867,0.5909,0.3381,
560,2016,2017,2018,2019,2020,|,1.6869,2.0233,2.1247,2.5603,2.3656,
561,2016,2017,2018,2019,2020,|,0.3027,0.2327,0.7673,0.6136,0.6314,
562,2016,2017,2018,2019,2020,|,0.5179,0.2549,0.4072,0.3181,0.3385,
563,2016,2017,2018,2019,2020,|,0.3781,0.4179,0.4458,0.4046,0.4270,
564,2016,2017,2018,2019,2020,|,1.9964,2.4478,1.3998,1.9557,2.1157,
565,2016,2017,2018,2019,2020,|,0.7215,0.7724,0.4831,0.7454,0.6919,
566,2016,2017,2018,2019,2020,|,0.8477,0.5181,0.4376,0.4157,0.3840,
567,2016,2017,2018,2019,2020,|,1.3259,1.0634,0.7416,0.5605,nan,
568,2016,2017,2018,2019,2020,|,0.7511,1.5426,1.3953,0.8270,0.9296,
569,2016,2017,2018,2019,2020,|,1.1395,1.2517,1.5530,1.4656,1.1682,
570,2016,2017,2018,2019,2020,|,2.6618,2.3682,1.8508,2.5140,2.2399,
571,2016,2017,2018,2019,2020,|,0.5542,0.8707,0.7757,0.9110,nan,
572,2016,2017,2018,2019,2020,|,0.9159,0.6157,0.5937,0.4179,0.5500,
573,2016,2017,2018,2019,2020,|,1.2622,0.9304,0.9004,1.3996,0.9838,
574,2016,2017,2018,2019,2020,|,2.6901,1.1470,1.1161,1.1545,0.9045,
575,2016,2017,2018,2019,2020,|,0.6553,0.8311,0.7610,0.5399,0.5102,
576,2016,2017,2018,2019,2020,|,1.0122,1.0503,0.7974,0.9616,1.0745,
577,2016,2017,2018,2019,2020,|,0.5967,0.5860,0.7220,1.1782,0.5650,
578,2016,2017,2018,2019,2020,|,2.3940,2.6827,2.1065,2.0760,2.1408,
579,2016,2017,2018,2019,2020,|,0.3771,0.4718,0.3224,0.3727,0.3727,
580,2016,2017,2018,2019,2020,|,2.7051,1.7069,1.8541,2.8689,2.1264,
581,2016,2017,2018,2019,2020,|,1.6709,1.1235,1.4600,1.1610,1.5736,
582,2016,2017,2018,2019,2020,|,0.3319,0.1455,0.2063,0.2427,0.1653,
583,2016,2017,2018,2019,2020,|,0.5771,0.5720,0.7543,0.5613,0.5215,
584,2016,2017,2018,2019,2020,|,2.0101,1.8947,2.5252,2.1683,2.6311,
585,2016,2017,2018,2019,2020,|,0.8623,1.6476,0.9645,0.9975,0.9788,
586,2016,2017,2018,2019,2020,|,0.7506,0.7866,0.7474,0.7353,0.9466,
587,2016,2017,2018,2019,2020,|,0.3016,0.3733,0.3100,0.5100,0.3418,
588,2016,2017,2018,2019,2020,|,2.1217,1.3650,1.5302,1.8884,1.4619,
589,2016,2017,2018,2019,2020,|,0.6763,1.0131,1.2157,0.7882,0.4236,
590,2016,2017,2018,2019,2020,|,0.4973,0.6211,0.5464,0.5708,0.4505,
591,2016,2017,2018,2019,2020,|,0.8265,0.9900,0.7997,1.1427,1.2469,
592,2016,2017,2018,2019,2020,|,1.3051,1.1215,0.9311,0.8670,0.7018,
593,2016,2017,2018,2019,2020,|,0.5948,0.7076,0.4840,0.6409,0.7770,
594,2016,2017,2018,2019,2020,|,1.6358,1.9235,2.0830,1.7280,1.3841,
595,2016,2017,2018,2019,2020,|,0.3711,0.3529,0.1757,0.2260,0.2187,
596,2016,2017,2018,2019,2020,|,0.7072,0.5282,0.6616,0.4285,0.5943,
597,2016,2017,2018,2019,2020,|,1.5376,1.6011,1.7438,1.7738,1.5271,
598,2016,2017,2018,2019,2020,|,1.1489,2.2337,0.9244,0.6346,nan,
599,2016,2017,2018,2019,2020,|,0.3967,0.5038,0.5041,1.9010,0.5270,
600,2016,2017,2018,2019,2020,|,1.0751,0.9436,1.3393,0.5415,0.6843,
601,2016,2017,2018,2019,2020,|,1.3194,0.9043,1.3008,1.5808,nan,
602,2016,2017,2018,2019,2020,|,0.5037,0.4109,0.3235,0.4976,0.3810,
603,2016,2017,2018,2019,2020,|,1.7728,1.4632,1.6906,1.9561,1.9414,
604,2016,2017,2018,2019,2020,|,0.6863,1.3232,0.6555,0.8719,1.0146,
605,2016,2017,2018,2019,2020,|,0.8072,0.5822,0.2874,0.2324,0.7988,
606,2016,2017,2018,2019,2020,|,0.9364,0.7924,0.8016,0.5671,0.6552,
607,2016,2017,2018,2019,2020,|,1.2787,1.0554,1.4771,1.6259,1.5463,
608,2016,2017,2018,2019,2020,|,0.6689,0.4574,0.1220,0.1295,nan,
609,2016,2017,2018,2019,2020,|,1.1359,1.5482,1.0431,1.2046,0.9575,
610,2016,2017,2018,2019,2020,|,0.8701,0.7056,1.3618,0.9824,1.0155,
611,2016,2017,2018,2019,2020,|,1.8249,2.1149,2.1091,1.1754,1.3939,
612,2016,2017,2018,2019,2020,|,1.0652,1.6595,1.3224,0.6874,1.7239,
613,2016,2017,2018,2019,2020,|,1.3136,1.3452,1.3205,1.0969,0.9778,
614,2016,2017,2018,2019,2020,|,0.2469,0.6437,0.3737,0.2305,0.2683,
615,2016,2017,2018,2019,2020,|,2.0237,1.4956,1.3453,2.1180,2.0201,
616,2016,2017,2018,2019,2020,|,0.9688,1.1608,1.7406,1.0604,nan,
617,2016,2017,2018,2019,2020,|,0.4370,0.5226,0.4841,0.4890,0.7633,
618,2016,2017,2018,2019,2020,|,1.4639,1.5726,1.4171,1.8609,1.7064,
619,2016,2017,2018,2019,2020,|,0.6451,0.4483,0.4715,0.4809,0.2827,
620,2016,2017,2018,2019,2020,|,0.7609,0.7871,0.9598,0.8237,0.6468,
621,2016,2017,2018,2019,2020,|,0.4872,0.2929,0.2255,0.4779,0.4458,
622,2016,2017,2018,2019,2020,|,1.4086,1.2122,0.9019,1.0239,0.6886,
623,2016,2017,2018,2019,2020,|,0.5560,0.5991,0.6981,0.8433,0.9242,
624,2016,2017,2018,2019,2020,|,2.5992,1.8384,1.7331,1.8591,1.9878,
625,2016,2017,2018,2019,2020,|,1.8718,2.0926,1.8631,1.8409,1.6156,
626,2016,2017,2018,2019,2020,|,0.9048,0.6131,0.5750,0.6372,0.6202,
627,2016,2017,2018,2019,2020,|,0.4584,0.4720,0.3769,0.5479,0.4013,
628,2016,2017,2018,2019,2020,|,0.2088,0.5187,0.4299,0.5143,0.6073,
629,2016,2017,2018,2019,2020,|,0.3754,0.2067,0.2005,0.1141,0.2836,
630,2016,2017,2018,2019,2020,|,2.0185,0.9933,1.2333,1.3955,1.3645,
631,2016,2017,2018,2019,2020,|,1.5123,0.9482,2.1980,2.5748,2.0613,
632,2016,2017,2018,2019,2020,|,0.6406,0.5459,0.6327,0.7776,0.8049,
633,2016,2017,2018,2019,2020,|,1.2894,0.7836,1.2758,1.9007,1.3357,
634,2016,2017,2018,2019,2020,|,2.2752,1.5063,2.2708,2.1059,2.0613,
635,2016,2017,2018,2019,2020,|,0.9278,1.4087,1.3428,0.9298,0.9970,
636,2016,2017,2018,2019,2020,|,1.6187,1.0889,1.4436,0.9361,1.0005,
637,2016,2017,2018,2019,2020,|,0.4147,0.4066,0.4859,0.3670,0.2564,
638,2016,2017,2018,2019,2020,|,1.6671,2.2689,2.2903,1.7965,1.8307,
639,2016,2017,2018,2019,2020,|,0.3790,0.3335,0.2964,0.5482,0.3035,
640,2016,2017,2018,2019,2020,|,0.8627,0.8781,0.6860,1.0592,0.8243,
641,2016,2017,2018,2019,2020,|,0.4738,0.4560,0.3508,0.5445,0.2569,
642,2016,2017,2018,2019,2020,|,0.6503,0.9063,0.7193,0.5846,0.4876,
643,2016,2017,2018,2019,2020,|,1.5408,2.0019,2.0448,2.4122,1.9215,
644,2016,2017,2018,2019,2020,|,0.7305,0.7515,0.9359,0.5057,0.7162,
645,2016,2017,2018,2019,2020,|,0.5388,0.7982,0.6450,0.4778,nan,
646,2016,2017,2018,2019,2020,|,0.6389,0.8419,0.9035,0.7265,0.6305,
647,2016,2017,2018,2019,2020,|,0.7460,0.5391,0.9947,0.4489,0.4495,
648,2016,2017,2018,2019,2020,|,2.6700,1.5614,2.9917,2.1189,1.3667,
649,2016,2017,2018,2019,2020,|,2.1759,1.1616,1.6649,1.7466,nan,
650,2016,2017,2018,2019,2020,|,0.3915,0.6862,1.2679,0.8495,0.5239,
651,2016,2017,2018,2019,2020,|,1.0829,0.8605,1.9070,1.0683,nan,
652,2016,2017,2018,2019,2020,|,1.7027,2.0419,1.8506,2.1067,2.1618,
653,2016,2017,2018,2019,2020,|,0.3708,0.3079,0.3897,0.3444,0.3281,
654,2016,2017,2018,2019,2020,|,0.8525,0.7448,0.6610,0.6851,0.6991,
655,2016,2017,2018,2019,2020,|,1.1269,0.6181,0.5710,0.5844,0.5361,
656,2016,2017,2018,2019,2020,|,0.4248,0.4456,0.3255,0.2168,0.2119,
657,2016,2017,2018,2019,2020,|,0.4202,0.4519,0.8605,0.5741,0.8326,
658,2016,2017,2018,2019,2020,|,0.4044,0.5526,0.3969,0.4449,0.3650,
659,2016,2017,2018,2019,2020,|,1.4641,0.6602,0.9917,1.6330,0.6882,
660,2016,2017,2018,2019,2020,|,1.2797,1.2951,1.4691,1.7278,1.1065,
661,2016,2017,2018,2019,2020,|,1.2395,1.0138,1.5275,0.8399,0.8562,
662,2016,2017,2018,2019,2020,|,1.8090,1.9828,0.9798,1.1820,1.2214,
663,2016,2017,2018,2019,2020,|,1.6291,1.8760,1.8299,1.1839,1.5119,
664,2016,2017,2018,2019,2020,|,0.6470,0.4713,0.6930,0.7310,0.4897,
665,2016,2017,2018,2019,2020,|,0.8933,1.1643,1.1956,1.3307,1.1356,
666,2016,2017,2018,2019,2020,|,1.0436,0.8268,0.6926,0.6415,0.7357,
667,2016,2017,2018,2019,2020,|,1.2289,1.3905,1.0174,1.3109,1.4411,
668,2016,2017,2018,2019,2020,|,0.6249,0.9519,0.9601,0.8848,0.6231,
669,2016,2017,2018,2019,2020,|,0.6870,0.7992,0.6078,0.8526,0.9730,
670,2016,2017,2018,2019,2020,|,0.5912,0.1639,0.2727,0.3041,0.2450,
671,2016,2017,2018,2019,2020,|,0.3999,1.0470,0.7512,0.5301,0.5127,
672,2016,2017,2018,2019,2020,|,1.7584,1.3859,1.7243,1.3573,1.4139,
673,2016,2017,2018,2019,2020,|,2.4038,2.1211,2.4079,1.6961,1.7518,
674,2016,2017,2018,2019,2020,|,1.8334,1.0826,1.3856,0.9390,0.7447,
675,2016,2017,2018,2019,2020,|,0.7710,1.3226,0.7997,0.6266,0.6647,
676,2016,2017,2018,2019,2020,|,1.1577,1.9321,1.4589,0.9066,1.3861,
677,2016,2017,2018,2019,2020,|,2.5320,1.0920,1.9985,1.9024,1.2896,
678,2016,2017,2018,2019,2020,|,0.7941,0.7292,0.8549,0.5812,0.7105,
679,2016,2017,2018,2019,2020,|,2.6667,1.5203,1.5572,1.6963,1.6972,
680,2016,2017,2018,2019,2020,|,0.4646,0.3151,0.5743,0.5857,0.5380,
681,2016,2017,2018,2019,2020,|,1.3882,1.1063,1.2375,1.3573,nan,
682,2016,2017,2018,2019,2020,|,0.5924,0.5001,0.7144,0.6608,0.8290,
683,2016,2017,2018,2019,2020,|,0.8397,0.5727,0.5559,0.6030,0.3648,
684,2016,2017,2018,2019,2020,|,0.5199,0.6645,1.0574,1.3730,0.5517,
685,2016,2017,2018,2019,2020,|,1.2682,1.7379,1.4406,1.6149,1.5413,
686,2016,2017,2018,2019,2020,|,1.1191,0.7730,1.1444,0.7607,inf,
687,2016,2017,2018,2019,2020,|,1.1826,2.2395,2.0791,1.3567,1.2498,
688,2016,2017,2018,2019,2020,|,0.6338,0.2812,0.7157,0.6207,0.5091,
689,2016,2017,2018,2019,2020,|,1.5182,0.7372,0.7613,1.2021,0.7875,
690,2016,2017,2018,2019,2020,|,1.0729,1.2365,1.8914,0.5928,1.5838,
691,2016,2017,2018,2019,2020,|,0.4008,0.3807,0.4304,0.4120,0.4402,
692,2016,2017,2018,2019,2020,|,1.7786,1.7422,1.4547,1.6429,1.4756,
693,2016,2017,2018,2019,2020,|,0.8064,0.7031,0.7610,0.7796,0.8515,
694,2016,2017,2018,2019,2020,|,0.4379,0.2999,0.3758,0.3007,0.3297,
695,2016,2017,2018,2019,2020,|,2.2854,2.2254,1.3395,1.5183,1.1642,
696,2016,2017,2018,2019,2020,|,0.2757,0.3772,0.2774,0.4090,0.1786,
697,2016,2017,2018,2019,2020,|,1.4540,1.3900,1.1837,1.3285,1.1228,
698,2016,2017,2018,2019,2020,|,0.4963,0.2367,0.2378,0.3254,0.2393,
699,2016,2017,2018,2019,2020,|,1.6000,1.9906,1.1956,1.0072,0.9724,
700,2016,2017,2018,2019,2020,|,1.4881,1.4871,1.3571,1.2410,1.3365,
701,2016,2017,2018,2019,2020,|,1.2592,1.1093,1.2665,1.2102,1.2497,
702,2016,2017,2018,2019,2020,|,1.5236,1.9832,2.0008,1.8127,1.3341,
703,2016,2017,2018,2019,2020,|,1.8392,1.6738,2.1378,1.4751,1.6267,
704,2016,2017,2018,2019,2020,|,0.9594,1.2465,1.0998,1.3247,1.1054,
705,2016,2017,2018,2019,2020,|,0.3182,0.5206,0.4187,0.4539,0.3532,
706,2016,2017,2018,2019,2020,|,0.2953,0.6117,0.2141,0.1227,0.1296,
707,2016,2017,2018,2019,2020,|,1.1513,1.8106,1.5257,1.3105,1.6939,
708,2016,2017,2018,2019,2020,|,0.8246,0.9810,1.0990,1.0334,0.6006,
709,2016,2017,2018,2019,2020,|,1.0811,1.2118,0.7980,0.3696,nan,
710,2016,2017,2018,2019,2020,|,0.9098,1.1875,0.7365,0.4543,0.5888,
711,2016,2017,2018,2019,2020,|,1.5642,1.5281,1.0897,0.9762,0.9981,
712,2016,2017,2018,2019,2020,|,0.2835,0.2873,0.3207,0.2600,0.3117,
713,2016,2017,2018,2019,2020,|,0.6606,0.7612,0.8169,0.5716,0.6464,
714,2016,2017,2018,2019,2020,|,1.3883,1.3621,1.6868,1.7301,1.5664,
715,2016,2017,2018,2019,2020,|,2.4981,2.5802,2.1291,2.0701,2.4406,
716,2016,2017,2018,2019,2020,|,0.6102,0.6346,0.6321,0.4338,0.4721,
717,2016,2017,2018,2019,2020,|,inf,inf,inf,inf,inf,
718,2016,2017,2018,2019,2020,|,0.7132,0.9417,1.2088,1.0165,0.8794,
719,2016,2017,2018,2019,2020,|,0.3200,0.1965,0.2065,0.3043,0.3543,
720,2016,2017,2018,2019,2020,|,0.7307,0.4343,0.6587,0.5489,0.4993,
721,2016,2017,2018,2019,2020,|,1.7960,2.7897,1.7115,1.7391,1.6644,
722,2016,2017,2018,2019,2020,|,0.4717,0.4229,0.3894,0.4718,0.7444,
723,2016,2017,2018,2019,2020,|,0.2933,0.1414,0.1609,0.1765,0.1808,
724,2016,2017,2018,2019,2020,|,0.2815,0.3563,0.3217,0.2460,0.2679,
725,2016,2017,2018,2019,2020,|,1.3985,1.0852,0.9855,1.5401,0.8185,
726,2016,2017,2018,2019,2020,|,1.0803,1.7098,1.3209,0.9145,0.7942,
727,2016,2017,2018,2019,2020,|,0.7743,0.7075,0.7586,0.7246,0.5762,
728,2016,2017,2018,2019,2020,|,1.4240,2.5264,2.5761,2.4473,3.2436,
729,2016,2017,2018,2019,2020,|,0.4545,0.3480,0.2790,0.3058,0.3311,
730,2016,2017,2018,2019,2020,|,1.4650,0.8119,1.0791,1.0450,0.5603,
731,2016,2017,2018,2019,2020,|,1.3024,1.1272,1.0369,1.2794,0.9401,
732,2016,2017,2018,2019,2020,|,2.2717,1.1201,0.9738,1.2348,1.2759,
733,2016,2017,2018,2019,2020,|,1.4115,1.3305,2.3245,1.4341,1.5241,
734,2016,2017,2018,2019,2020,|,0.9874,1.1303,1.0980,1.0846,1.0327,
735,2016,2017,2018,2019,2020,|,2.3963,2.4566,2.4139,2.2379,2.4325,
736,2016,2017,2018,2019,2020,|,0.6458,0.5960,0.4925,0.6328,0.4725,
737,2016,2017,2018,2019,2020,|,1.4959,1.2728,2.2698,0.9139,0.6829,
738,2016,2017,2018,2019,2020,|,0.2715,0.4406,0.5017,0.2936,0.2463,
739,2016,2017,2018,2019,2020,|,0.6181,0.4056,0.5461,0.3820,0.3902,
740,2016,2017,2018,2019,2020,|,0.8475,1.2625,2.1806,1.4616,0.3903,
741,2016,2017,2018,2019,2020,|,2.6929,2.7973,1.9991,2.2267,1.7834,
742,2016,2017,2018,2019,2020,|,0.0931,0.2129,0.1492,0.1234,0.0961,
743,2016,2017,2018,2019,2020,|,0.7330,0.5501,1.2322,0.7921,0.6232,
744,2016,2017,2018,2019,2020,|,1.2522,1.3420,1.5528,1.4179,0.9719,
745,2016,2017,2018,2019,2020,|,1.1003,0.9272,1.3739,1.0119,0.8056,
746,2016,2017,2018,2019,2020,|,0.6347,0.4935,0.5195,0.4696,0.3114,
747,2016,2017,2018,2019,2020,|,0.5643,0.6116,0.4727,0.4531,0.1707,
748,2016,2017,2018,2019,2020,|,0.8720,1.0028,0.8469,0.7103,0.8610,
749,2016,2017,2018,2019,2020,|,1.0288,1.3425,0.9975,0.9229,1.0142,
750,2016,2017,2018,2019,2020,|,0.6303,0.7294,0.6871,0.5641,0.5908,
751,2016,2017,2018,2019,2020,|,2.1942,2.9550,1.4865,1.6493,2.0365,
752,2016,2017,2018,2019,2020,|,0.2981,0.2312,0.2080,0.1937,0.1899,
753,2016,2017,2018,2019,2020,|,0.6188,0.9580,0.4795,0.6739,0.4397,
754,2016,2017,2018,2019,2020,|,0.8520,0.8253,0.7603,0.6898,0.8147,
755,2016,2017,2018,2019,2020,|,1.6568,1.1631,1.6579,1.3572,1.6269,
756,2016,2017,2018,2019,2020,|,1.6259,1.8074,1.6348,0.9804,1.0313,
757,2016,2017,2018,2019,2020,|,1.0749,0.9101,0.9894,1.9290,0.7945,
758,2016,2017,2018,2019,2020,|,1.2395,1.2729,1.4122,1.4647,0.9074,
759,2016,2017,2018,2019,2020,|,0.4412,0.6617,0.5615,0.4243,0.5055,
760,2016,2017,2018,2019,2020,|,0.6002,0.6486,0.6671,0.4751,0.4600,
761,2016,2017,2018,2019,2020,|,0.3129,0.5330,0.2555,0.2101,nan,
762,2016,2017,2018,2019,2020,|,1.4946,1.0802,1.2373,1.4094,0.8901,
763,2016,2017,2018,2019,2020,|,1.4624,0.5758,0.8496,1.6640,1.2033,
764,2016,2017,2018,2019,2020,|,1.0937,1.7053,1.1822,1.3536,0.8442,
765,2016,2017,2018,2019,2020,|,1.4387,1.2310,1.1013,0.8149,1.0386,
766,2016,2017,2018,2019,2020,|,0.6995,0.8104,0.8127,1.2342,0.8540,
767,2016,2017,2018,2019,2020,|,1.0054,0.4479,0.7183,0.5863,0.6203,
768,2016,2017,2018,2019,2020,|,1.4910,1.2150,0.6763,1.1201,0.5347,
769,2016,2017,2018,2019,2020,|,0.9281,0.8320,0.8526,1.2400,0.6916,
770,2016,2017,2018,2019,2020,|,1.1736,1.1548,1.2173,0.9972,0.9930,
771,2016,2017,2018,2019,2020,|,0.6143,0.5889,0.4550,0.5934,0.4323,
772,2016,2017,2018,2019,2020,|,0.2661,0.8588,0.3565,0.6775,1.0000,
773,2016,2017,2018,2019,2020,|,3.7093,3.3027,3.6698,2.5309,2.8143,
774,2016,2017,2018,2019,2020,|,2.3056,1.1642,2.2359,1.6794,1.6865,
775,2016,2017,2018,2019,2020,|,0.4943,0.4919,0.4851,0.5831,0.3273,
776,2016,2017,2018,2019,2020,|,0.4923,0.2946,0.3927,0.5089,0.4460,
777,2016,2017,2018,2019,2020,|,0.9907,1.5439,1.0700,1.3638,1.3811,
778,2016,2017,2018,2019,2020,|,0.5508,0.5366,0.4832,0.4673,0.3532,
779,2016,2017,2018,2019,2020,|,1.6906,1.2449,1.3787,1.5397,1.5562,
780,2016,2017,2018,2019,2020,|,2.2773,1.8457,1.9143,2.0891,1.6266,
781,2016,2017,2018,2019,2020,|,1.3482,1.7269,1.3442,0.9228,1.2383,
782,2016,2017,2018,2019,2020,|,0.9089,1.4075,0.7811,1.4146,1.4585,
783,2016,2017,2018,2019,2020,|,0.2366,0.7980,0.4730,0.2994,0.2204,
784,2016,2017,2018,2019,2020,|,1.5171,1.5363,1.6106,1.3186,1.0564,
785,2016,2017,2018,2019,2020,|,2.1255,0.8932,0.8969,0.5827,nan,
786,2016,2017,2018,2019,2020,|,0.4920,0.6232,1.0284,0.8770,0.7384,
787,2016,2017,2018,2019,2020,|,0.1541,0.1508,0.1619,0.1239,0.1397,
788,2016,2017,2018,2019,2020,|,0.4378,0.3880,0.3972,0.3810,0.5746,
789,2016,2017,2018,2019,2020,|,1.3649,1.0527,1.3686,1.0688,1.1174,
790,2016,2017,2018,2019,2020,|,1.0647,0.8522,0.9470,0.8415,0.7301,
791,2016,2017,2018,2019,2020,|,inf,inf,inf,inf,inf,
792,2016,2017,2018,2019,2020,|,1.0176,0.9055,1.3418,1.5686,0.7217,
793,2016,2017,2018,2019,2020,|,0.3035,0.4176,0.2803,0.2523,0.1816,
794,2016,2017,2018,2019,2020,|,1.1065,0.8284,0.6738,0.8621,0.7590,
795,2016,2017,2018,2019,2020,|,1.2742,1.3378,1.8525,1.4680,1.6235,
796,2016,2017,2018,2019,2020,|,1.1865,1.2409,1.2871,0.9318,1.6640,
797,2016,2017,2018,2019,2020,|,1.0126,1.2595,0.8176,0.9235,0.7551,
798,2016,2017,2018,2019,2020,|,0.2294,0.3330,0.2722,0.3674,0.4071,
799,2016,2017,2018,2019,2020,|,1.2576,1.5681,1.8625,1.5781,1.2856,
800,2016,2017,2018,2019,2020,|,1.3608,1.5983,1.7735,1.2751,1.2163,
801,2016,2017,2018,2019,2020,|,1.9562,0.5362,0.7083,0.4810,0.4653,
802,2016,2017,2018,2019,2020,|,0.7935,1.1514,1.1388,0.8533,0.9673,
803,2016,2017,2018,2019,2020,|,1.5089,1.0394,0.9702,1.3245,0.8103,
804,2016,2017,2018,2019,2020,|,0.6767,0.4480,0.7570,0.6562,0.5256,
805,2016,2017,2018,2019,2020,|,0.5524,0.7440,0.9862,0.9805,0.7685,
806,2016,2017,2018,2019,2020,|,0.7629,0.9364,1.9396,1.4320,1.1589,
807,2016,2017,2018,2019,2020,|,1.2124,1.7699,1.9273,1.3387,0.9794,
808,2016,2017,2018,2019,2020,|,1.2003,1.1395,1.8254,1.8123,1.3848,
809,2016,2017,2018,2019,2020,|,1.1941,0.8022,1.4366,1.0428,1.3297,
810,2016,2017,2018,2019,2020,|,0.4119,0.6530,0.6925,0.2889,inf,
811,2016,2017,2018,2019,2020,|,0.8157,1.1036,0.5139,0.6334,0.7720,
812,2016,2017,2018,2019,2020,|,0.4958,0.4293,0.5145,0.5527,0.4859,
813,2016,2017,2018,2019,2020,|,0.7922,0.8781,0.8981,1.1570,1.1282,
814,2016,2017,2018,2019,2020,|,1.5209,1.6495,1.5734,1.5449,1.4428,
815,2016,2017,2018,2019,2020,|,1.2127,1.4156,1.8038,1.7437,1.2535,
816,2016,2017,2018,2019,2020,|,1.1670,0.7334,0.5788,0.6595,0.5334,
817,2016,2017,2018,2019,2020,|,1.1876,0.9162,1.0582,1.7575,1.0024,
818,2016,2017,2018,2019,2020,|,1.7789,1.6859,1.4069,1.6590,1.4747,
819,2016,2017,2018,2019,2020,|,0.4233,0.8031,0.5043,0.4807,1.3541,
820,2016,2017,2018,2019,2020,|,0.5972,0.7343,0.8636,0.8130,0.9164,
821,2016,2017,2018,2019,2020,|,0.5710,0.8259,0.4313,0.6834,0.4647,
822,2016,2017,2018,2019,2020,|,0.8024,1.4650,2.0267,1.2746,1.2447,
823,2016,2017,2018,2019,2020,|,1.6203,1.2980,2.0750,1.9263,1.7011,
824,2016,2017,2018,2019,2020,|,1.4315,1.3263,1.5824,1.3547,1.8255,
825,2016,2017,2018,2019,2020,|,3.0863,2.8809,2.2379,2.2764,1.8802,
826,2016,2017,2018,2019,2020,|,0.5950,0.6631,0.6599,0.5598,0.4998,
827,2016,2017,2018,2019,2020,|,1.0619,1.1363,1.3434,1.0785,0.9745,
828,2016,2017,2018,2019,2020,|,0.6822,0.4931,0.6654,0.5589,0.2124,
829,2016,2017,2018,2019,2020,|,0.8669,1.7253,1.6371,1.3414,1.0157,
830,2016,2017,2018,2019,2020,|,1.6355,1.4297,1.7145,1.4919,1.5120,
831,2016,2017,2018,2019,2020,|,1.0628,1.0571,0.7990,0.7846,0.5600,
832,2016,2017,2018,2019,2020,|,0.5544,0.4841,0.5795,0.8404,1.5376,
833,2016,2017,2018,2019,2020,|,1.5297,1.9506,1.5073,1.6209,2.3459,
834,2016,2017,2018,2019,2020,|,1.2650,1.4744,1.2675,1.9205,1.2928,
835,2016,2017,2018,2019,2020,|,0.5822,0.3503,0.4406,0.3215,0.5367,
836,2016,2017,2018,2019,2020,|,1.0378,0.9818,0.6806,0.9149,0.8970,
837,2016,2017,2018,2019,2020,|,1.0070,1.0082,0.9692,1.0287,0.8252,
838,2016,2017,2018,2019,2020,|,0.9798,1.4535,1.2700,0.7393,nan,
839,2016,2017,2018,2019,2020,|,0.9737,1.2375,0.8591,1.5107,0.8441,
840,2016,2017,2018,2019,2020,|,0.3383,0.3952,0.4466,0.5054,0.4133,
841,2016,2017,2018,2019,2020,|,1.4250,2.2392,1.1658,1.5175,1.3321,
842,2016,2017,2018,2019,2020,|,1.3340,1.3051,1.5293,1.4783,0.7936,
843,2016,2017,2018,2019,2020,|,1.2441,0.9095,1.0534,0.9031,0.9131,
844,2016,2017,2018,2019,2020,|,1.7276,1.3740,1.4141,1.7146,1.4750,
845,2016,2017,2018,2019,2020,|,1.9147,0.8957,1.0920,1.5716,1.0895,
846,2016,2017,2018,2019,2020,|,1.7315,1.4751,1.7327,1.7912,1.5392,
847,2016,2017,2018,2019,2020,|,1.3471,0.5424,0.6499,0.7577,0.6167,
848,2016,2017,2018,2019,2020,|,0.9446,0.9663,0.8856,1.1049,0.9075,
849,2016,2017,2018,2019,2020,|,1.9227,2.3737,3.3633,2.8292,2.8021,
850,2016,2017,2018,2019,2020,|,0.6404,0.7805,0.5359,0.7872,0.5606,
851,2016,2017,2018,2019,2020,|,0.1561,0.3105,0.2570,0.2559,0.2428,
852,2016,2017,2018,2019,2020,|,1.9265,1.2359,0.8831,1.1430,1.0427,
853,2016,2017,2018,2019,2020,|,0.6825,0.9577,0.9266,0.8580,0.7754,
854,2016,2017,2018,2019,2020,|,0.9404,0.9554,0.9085,0.8729,0.7769,
855,2016,2017,2018,2019,2020,|,2.0579,0.7233,0.9634,0.8938,0.8900,
856,2016,2017,2018,2019,2020,|,1.3614,1.2983,1.4194,1.1569,1.8403,
857,2016,2017,2018,2019,2020,|,1.0760,1.1705,0.8991,0.8374,0.7422,
858,2016,2017,2018,2019,2020,|,1.8188,1.2800,1.2946,1.2030,1.6532,
859,2016,2017,2018,2019,2020,|,0.5826,0.6134,0.7847,0.5167,1.0179,
860,2016,2017,2018,2019,2020,|,0.6250,0.3295,0.4116,0.3407,0.2199,
861,2016,2017,2018,2019,2020,|,1.2860,0.9803,1.8088,0.9177,nan,
862,2016,2017,2018,2019,2020,|,0.2735,0.5773,0.5367,0.3292,nan,
863,2016,2017,2018,2019,2020,|,1.2733,1.4240,1.2241,1.3645,1.1484,
864,2016,2017,2018,2019,2020,|,1.7704,2.5117,1.8836,1.4197,1.4713,
865,2016,2017,2018,2019,2020,|,0.4864,0.6305,0.7151,0.7220,0.7959,
866,2016,2017,2018,2019,2020,|,0.8511,0.9882,1.1097,1.1799,0.9123,
867,2016,2017,2018,2019,2020,|,1.2255,1.1424,1.0908,1.3218,nan,
868,2016,2017,2018,2019,2020,|,1.1285,1.5950,1.0250,0.5808,0.9718,
869,2016,2017,2018,2019,2020,|,0.2303,0.2102,0.1999,0.2203,0.2150,
870,2016,2017,2018,2019,2020,|,3.3158,3.2731,3.8988,3.4646,2.7579,
871,2016,2017,2018,2019,2020,|,1.0478,1.3063,0.9721,1.2773,0.3878,
872,2016,2017,2018,2019,2020,|,1.7341,1.1420,1.0801,0.8303,0.8293,
873,2016,2017,2018,2019,2020,|,0.2816,0.3084,0.2600,0.3237,0.2806,
874,2016,2017,2018,2019,2020,|,1.2130,1.1320,1.0229,1.0629,1.0007,
875,2016,2017,2018,2019,2020,|,0.5002,0.4683,0.4430,0.3160,0.2485,
876,2016,2017,2018,2019,2020,|,0.2759,0.2499,0.2723,0.3195,0.1950,
877,2016,2017,2018,2019,2020,|,1.1349,1.0489,0.9323,1.0410,1.3750,
878,2016,2017,2018,2019,2020,|,1.5348,1.7018,2.0182,1.8374,1.7357,
879,2016,2017,2018,2019,2020,|,1.6935,1.9809,1.8465,1.5542,1.7267,
880,2016,2017,2018,2019,2020,|,0.8798,0.6072,1.3503,1.2827,0.8498,
881,2016,2017,2018,2019,2020,|,0.2194,0.5665,0.3064,0.3816,nan,
882,2016,2017,2018,2019,2020,|,0.8052,1.0381,0.7303,0.4584,0.4798,
883,2016,2017,2018,2019,2020,|,0.5033,0.3331,0.4382,0.4941,0.2454,
884,2016,2017,2018,2019,2020,|,0.6761,1.0510,0.7908,0.7461,1.1406,
885,2016,2017,2018,2019,2020,|,1.5057,1.9375,0.9096,1.1789,1.4630,
886,2016,2017,2018,2019,2020,|,0.2843,0.5347,0.2620,0.3188,0.4462,
887,2016,2017,2018,2019,2020,|,0.7919,1.9631,1.3617,1.4135,0.9703,
888,2016,2017,2018,2019,2020,|,0.4814,0.6174,0.4610,0.4199,0.2658,
889,2016,2017,2018,2019,2020,|,0.7046,0.5770,0.5591,0.5755,0.6073,
890,2016,2017,2018,2019,2020,|,1.6503,1.3205,1.2232,1.2933,0.5062,
891,2016,2017,2018,2019,2020,|,0.4341,0.3507,0.2557,0.3748,0.1954,
892,2016,2017,2018,2019,2020,|,1.6486,1.7790,1.1717,1.9892,1.1692,
893,2016,2017,2018,2019,2020,|,1.4465,1.9653,1.8083,1.9983,1.9601,
894,2016,2017,2018,2019,2020,|,1.3835,1.1986,1.0940,0.9114,1.1309,
895,2016,2017,2018,2019,2020,|,0.3818,0.5139,0.2557,0.3841,0.3750,
896,2016,2017,2018,2019,2020,|,1.0822,1.1509,1.0424,0.7974,1.1454,
897,2016,2017,2018,2019,2020,|,0.3711,0.4151,0.2841,0.4482,0.3610,
898,2016,2017,2018,2019,2020,|,1.1917,1.1871,1.2157,1.2249,1.2305,
899,2016,2017,2018,2019,2020,|,1.2231,0.9349,1.1704,1.2233,1.1131,
900,2016,2017,2018,2019,2020,|,0.9683,0.8548,1.1515,0.6947,0.9668,
901,2016,2017,2018,2019,2020,|,0.8755,0.7467,0.8178,0.8406,0.6721,
902,2016,2017,2018,2019,2020,|,1.2953,1.3274,0.8164,0.7772,nan,
903,2016,2017,2018,2019,2020,|,0.3588,0.3526,0.2473,0.3428,0.2137,
904,2016,2017,2018,2019,2020,|,0.6442,0.3823,0.3496,0.3931,0.3390,
905,2016,2017,2018,2019,2020,|,1.4399,1.8855,2.6099,2.2369,1.6421,
906,2016,2017,2018,2019,2020,|,1.9182,1.8002,2.2491,1.8795,1.8065,
907,2016,2017,2018,2019,2020,|,0.4951,0.7252,0.9500,1.0754,0.3558,
908,2016,2017,2018,2019,2020,|,0.7644,1.1280,0.9895,1.3609,0.7764,
909,2016,2017,2018,2019,2020,|,0.1222,0.1493,0.1070,0.0641,0.2033,
910,2016,2017,2018,2019,2020,|,1.2626,1.3789,1.3669,1.3245,1.4307,
911,2016,2017,2018,2019,2020,|,1.5428,1.0482,1.1895,1.0098,0.8953,
912,2016,2017,2018,2019,2020,|,0.8207,0.6361,0.8075,0.8951,0.8703,
913,2016,2017,2018,2019,2020,|,1.2205,1.3087,1.1584,1.6868,1.4677,
914,2016,2017,2018,2019,2020,|,0.4489,0.4675,0.4264,0.6035,0.5145,
915,2016,2017,2018,2019,2020,|,0.5797,0.8674,0.8825,0.8921,0.4279,
916,2016,2017,2018,2019,2020,|,0.2002,0.4005,0.3615,0.1918,0.3666,
917,2016,2017,2018,2019,2020,|,1.0069,1.3569,0.9760,1.0394,1.0169,
918,2016,2017,2018,2019,2020,|,0.6997,0.2228,0.5473,0.7334,0.6742,
919,2016,2017,2018,2019,2020,|,0.6950,0.5018,0.6880,0.3707,0.2795,
920,2016,2017,2018,2019,2020,|,2.9537,2.9722,2.7576,3.1300,3.3578,
921,2016,2017,2018,2019,2020,|,0.3672,0.5167,0.3787,0.4573,0.3227,
922,2016,2017,2018,2019,2020,|,2.3644,2.3602,2.3692,2.6613,2.4670,
923,2016,2017,2018,2019,2020,|,0.2507,0.0868,0.1907,0.0934,0.1119,
924,2016,2017,2018,2019,2020,|,0.1047,0.1042,0.1453,0.1060,0.1385,
925,2016,2017,2018,2019,2020,|,0.4025,0.5356,0.4530,0.4006,0.3446,
926,2016,2017,2018,2019,2020,|,0.7900,1.0322,1.2315,0.5884,inf,
927,2016,2017,2018,2019,2020,|,0.2584,0.2646,0.2334,0.3893,0.2458,
928,2016,2017,2018,2019,2020,|,0.9475,1.2510,1.5328,1.0418,1.1346,
929,2016,2017,2018,2019,2020,|,0.6202,0.9071,0.7415,0.8067,0.3875,
930,2016,2017,2018,2019,2020,|,2.0997,1.1744,1.0880,0.9628,0.9207,
931,2016,2017,2018,2019,2020,|,2.0436,0.9055,0.9463,1.5845,1.7278,
932,2016,2017,2018,2019,2020,|,0.4790,0.4510,0.4350,0.4413,0.5208,
933,2016,2017,2018,2019,2020,|,1.9446,1.6536,2.0375,1.7458,1.3311,
934,2016,2017,2018,2019,2020,|,0.5980,0.9128,0.4781,0.6449,1.0917,
