0,2016,2017,2018,2019,2020,|,192.4650,408.7677,243.4211,332.8221,447.6010,
1,2016,2017,2018,2019,2020,|,421.3125,363.4707,251.3274,328.6160,398.9731,
2,2016,2017,2018,2019,2020,|,304.8369,305.7103,196.5226,438.3501,317.6219,
3,2016,2017,2018,2019,2020,|,693.8435,278.3109,230.5477,389.9226,221.8294,
4,2016,2017,2018,2019,2020,|,270.0258,209.8271,190.1411,497.2018,413.4745,
5,2016,2017,2018,2019,2020,|,43.3245,153.3940,242.0702,309.1640,408.3262,
6,2016,2017,2018,2019,2020,|,204.0305,337.3181,238.0944,440.3768,453.9129,
7,2016,2017,2018,2019,2020,|,28.5272,424.6666,179.3459,261.1314,265.9935,
8,2016,2017,2018,2019,2020,|,46.7789,387.1038,186.1660,281.3742,288.5190,
9,2016,2017,2018,2019,2020,|,409.4836,214.9104,339.8435,238.9300,379.1595,
10,2016,2017,2018,2019,2020,|,186.3842,68.7246,130.6458,351.0035,458.4754,
11,2016,2017,2018,2019,2020,|,155.5698,131.6012,219.0368,399.1437,449.7765,
12,2016,2017,2018,2019,2020,|,462.4850,424.0544,307.7506,298.7017,352.7871,
13,2016,2017,2018,2019,2020,|,45.4166,154.0032,329.9455,522.8187,544.5066,
14,2016,2017,2018,2019,2020,|,89.4855,162.6493,285.8745,524.5999,538.1046,
15,2016,2017,2018,2019,2020,|,87.0974,67.6605,300.5912,476.3566,508.5215,
16,2016,2017,2018,2019,2020,|,62.7868,87.4243,387.9928,545.7576,571.0826,
17,2016,2017,2018,2019,2020,|,372.6798,606.1051,580.4824,645.3964,645.2047,
18,2016,2017,2018,2019,2020,|,62.9225,617.7814,564.7452,554.9141,585.8626,
19,2016,2017,2018,2019,2020,|,435.7531,278.3112,279.7484,475.0931,608.5093,
20,2016,2017,2018,2019,2020,|,343.7789,589.2710,517.7660,617.2711,641.0852,
21,2016,2017,2018,2019,2020,|,142.6560,138.9090,373.2212,415.6046,463.0713,
22,2016,2017,2018,2019,2020,|,135.5902,210.2555,392.1728,440.4364,532.4518,
23,2016,2017,2018,2019,2020,|,92.0022,221.5504,411.6914,455.0546,574.1436,
24,2016,2017,2018,2019,2020,|,126.9513,144.1190,503.3813,569.1011,512.3356,
25,2016,2017,2018,2019,2020,|,93.3514,138.4024,487.7858,563.1099,548.2251,
26,2016,2017,2018,2019,2020,|,157.8172,139.7622,620.1578,814.6150,711.5623,
27,2016,2017,2018,2019,2020,|,106.3946,485.6649,301.1728,434.3873,662.3316,
28,2016,2017,2018,2019,2020,|,92.0141,145.0844,631.2618,762.3435,678.2596,
29,2016,2017,2018,2019,2020,|,229.6891,140.4417,247.2782,469.1463,585.0279,
30,2016,2017,2018,2019,2020,|,154.7058,178.6283,292.3532,456.0810,570.0251,
31,2016,2017,2018,2019,2020,|,183.7097,305.8468,423.7779,526.6404,469.2883,
32,2016,2017,2018,2019,2020,|,227.0507,263.6579,413.3043,425.1208,448.8784,
33,2016,2017,2018,2019,2020,|,77.8099,197.6228,364.7647,495.3480,540.1042,
34,2016,2017,2018,2019,2020,|,179.0115,132.2032,355.9497,483.7620,546.4976,
35,2016,2017,2018,2019,2020,|,212.7559,216.9319,270.1710,300.6938,387.8590,
36,2016,2017,2018,2019,2020,|,176.9899,238.6588,384.3470,434.7168,459.8856,
37,2016,2017,2018,2019,2020,|,395.5927,519.4695,512.5525,644.6670,603.8722,
38,2016,2017,2018,2019,2020,|,225.2221,220.3246,339.8776,356.9988,377.4205,
39,2016,2017,2018,2019,2020,|,121.7304,168.8469,324.2041,363.5745,326.7890,
40,2016,2017,2018,2019,2020,|,92.6997,174.7814,241.6417,543.2117,775.8673,
41,2016,2017,2018,2019,2020,|,301.0930,404.7905,358.0880,547.5704,622.1139,
42,2016,2017,2018,2019,2020,|,276.6985,376.8024,346.3962,501.2658,560.1089,
43,2016,2017,2018,2019,2020,|,196.7852,183.4497,179.9116,266.9400,368.2841,
44,2016,2017,2018,2019,2020,|,259.2225,295.4457,242.4833,327.0325,444.2403,
45,2016,2017,2018,2019,2020,|,233.5919,275.9109,167.4123,374.0627,457.4568,
46,2016,2017,2018,2019,2020,|,687.7296,455.7733,461.0372,358.3284,472.2542,
47,2016,2017,2018,2019,2020,|,254.1188,228.7231,218.6960,345.0400,349.4173,
48,2016,2017,2018,2019,2020,|,71.7749,368.7961,591.4574,237.1272,279.8608,
49,2016,2017,2018,2019,2020,|,157.1156,98.7620,204.3755,354.8767,324.5257,
50,2016,2017,2018,2019,2020,|,328.8556,313.9926,158.2891,296.7098,272.6438,
51,2016,2017,2018,2019,2020,|,91.2721,275.2203,431.0930,432.5559,347.8182,
52,2016,2017,2018,2019,2020,|,387.2303,338.1166,122.5081,306.9068,441.0764,
53,2016,2017,2018,2019,2020,|,747.3853,554.5561,492.6114,642.9123,610.3001,
54,2016,2017,2018,2019,2020,|,242.0876,131.1839,247.5571,80.4914,579.5223,
55,2016,2017,2018,2019,2020,|,288.4917,254.4691,344.6852,521.6157,437.0183,
56,2016,2017,2018,2019,2020,|,184.4041,263.5233,197.7512,253.4972,322.6084,
57,2016,2017,2018,2019,2020,|,98.3147,255.4649,257.0425,387.5532,343.8912,
58,2016,2017,2018,2019,2020,|,176.0507,339.8154,204.9074,329.4768,343.1673,
59,2016,2017,2018,2019,2020,|,462.8177,378.5070,181.0630,332.9567,505.6163,
60,2016,2017,2018,2019,2020,|,498.5483,451.9826,263.0593,588.3473,653.6510,
61,2016,2017,2018,2019,2020,|,186.5814,442.7368,229.3066,57.4068,583.0079,
62,2016,2017,2018,2019,2020,|,152.5628,166.0538,328.9618,326.7761,396.1822,
63,2016,2017,2018,2019,2020,|,616.6964,395.1491,489.6725,471.9622,752.8670,
64,2016,2017,2018,2019,2020,|,144.8856,116.9725,267.1485,277.1528,302.7103,
65,2016,2017,2018,2019,2020,|,103.7879,44.5704,313.6098,383.9946,431.9887,
66,2016,2017,2018,2019,2020,|,487.2497,108.3914,173.8777,146.1014,495.6709,
67,2016,2017,2018,2019,2020,|,295.9639,263.2150,336.3922,302.6512,427.3474,
68,2016,2017,2018,2019,2020,|,256.7646,27.5149,108.0170,344.6920,411.5898,
69,2016,2017,2018,2019,2020,|,336.2685,80.8824,249.5756,435.2108,499.3197,
70,2016,2017,2018,2019,2020,|,109.3134,54.3651,218.8561,400.6024,476.9707,
71,2016,2017,2018,2019,2020,|,250.6104,49.3235,174.9164,361.9934,379.7364,
72,2016,2017,2018,2019,2020,|,437.0956,204.3797,322.7404,377.9978,443.9255,
73,2016,2017,2018,2019,2020,|,135.5398,186.7155,578.2436,741.9678,723.4517,
74,2016,2017,2018,2019,2020,|,547.7020,503.8684,267.5261,271.3178,588.3311,
75,2016,2017,2018,2019,2020,|,137.2002,286.3829,323.4727,589.3977,584.1296,
76,2016,2017,2018,2019,2020,|,95.2162,320.7937,260.7064,633.7467,611.0109,
77,2016,2017,2018,2019,2020,|,173.6033,157.5383,414.7674,538.8981,542.5383,
78,2016,2017,2018,2019,2020,|,200.7552,193.1550,224.9062,583.3126,466.8878,
79,2016,2017,2018,2019,2020,|,232.1657,270.1068,422.7344,544.3152,578.1171,
80,2016,2017,2018,2019,2020,|,137.3778,148.2682,295.1875,706.4011,575.1796,
81,2016,2017,2018,2019,2020,|,330.6052,417.9383,349.4991,430.4439,619.8114,
82,2016,2017,2018,2019,2020,|,161.0062,99.7249,411.8032,559.7918,535.4964,
83,2016,2017,2018,2019,2020,|,77.6922,149.2491,403.7501,403.6142,529.5239,
84,2016,2017,2018,2019,2020,|,89.7062,279.6366,478.8862,654.4455,666.9115,
85,2016,2017,2018,2019,2020,|,587.3849,247.2138,390.4274,490.7563,758.6304,
86,2016,2017,2018,2019,2020,|,335.6989,300.4293,245.2682,451.5394,664.2445,
87,2016,2017,2018,2019,2020,|,283.3448,152.7706,541.7705,561.8494,786.2397,
88,2016,2017,2018,2019,2020,|,220.7943,63.0930,498.7854,552.2637,763.8213,
89,2016,2017,2018,2019,2020,|,166.6989,238.3050,459.1405,557.2727,657.4155,
90,2016,2017,2018,2019,2020,|,286.8624,271.6817,359.4372,317.9654,553.9550,
91,2016,2017,2018,2019,2020,|,281.1983,348.4083,474.5751,839.4624,823.8817,
92,2016,2017,2018,2019,2020,|,214.6639,252.4953,461.8154,763.1497,795.3083,
93,2016,2017,2018,2019,2020,|,369.4892,37.8356,298.8938,578.8162,381.2511,
94,2016,2017,2018,2019,2020,|,74.7453,433.0752,420.2979,579.3415,756.6868,
95,2016,2017,2018,2019,2020,|,198.5302,92.7724,261.8097,522.1164,657.1193,
96,2016,2017,2018,2019,2020,|,516.9726,429.7275,288.1316,509.1585,620.9965,
97,2016,2017,2018,2019,2020,|,238.2344,509.9445,322.9552,681.2412,520.1152,
98,2016,2017,2018,2019,2020,|,496.9195,443.5481,362.5437,544.6166,1062.2367,
99,2016,2017,2018,2019,2020,|,130.6818,295.0020,520.9864,573.9315,632.6803,
100,2016,2017,2018,2019,2020,|,25.3917,735.7536,434.6117,565.7567,615.8040,
101,2016,2017,2018,2019,2020,|,98.2334,73.1451,150.5861,61.5242,780.8162,
102,2016,2017,2018,2019,2020,|,1004.9560,665.7346,624.2428,913.0768,1014.2154,
103,2016,2017,2018,2019,2020,|,113.5814,496.4239,342.5573,417.6613,369.2361,
104,2016,2017,2018,2019,2020,|,183.8748,740.1404,753.3959,1247.6055,946.1121,
105,2016,2017,2018,2019,2020,|,278.4604,261.8743,264.0070,519.8498,764.0126,
106,2016,2017,2018,2019,2020,|,412.0255,328.8025,424.0947,730.2373,756.7521,
107,2016,2017,2018,2019,2020,|,180.4177,582.8274,113.3817,125.8091,930.1618,
108,2016,2017,2018,2019,2020,|,388.4898,342.9687,445.5442,729.7408,808.0659,
109,2016,2017,2018,2019,2020,|,221.2620,295.4289,433.6697,738.0532,750.6024,
110,2016,2017,2018,2019,2020,|,558.1154,265.3719,279.3620,565.4169,612.1073,
111,2016,2017,2018,2019,2020,|,153.5457,167.1214,154.5011,429.8883,674.9098,
112,2016,2017,2018,2019,2020,|,78.1883,636.9971,544.5381,656.1622,548.9744,
113,2016,2017,2018,2019,2020,|,323.4842,146.9123,521.5925,780.3439,972.8846,
114,2016,2017,2018,2019,2020,|,56.2082,405.7426,404.7490,722.3516,726.9808,
115,2016,2017,2018,2019,2020,|,281.2406,114.3810,446.4835,940.8707,1221.1596,
116,2016,2017,2018,2019,2020,|,237.4378,162.8139,568.9476,794.1008,1016.6934,
117,2016,2017,2018,2019,2020,|,69.9235,200.6075,367.0539,353.9798,575.0058,
118,2016,2017,2018,2019,2020,|,288.5538,840.3795,649.9178,944.0730,1001.7620,
119,2016,2017,2018,2019,2020,|,160.8883,137.6157,611.3243,592.5752,813.3057,
120,2016,2017,2018,2019,2020,|,115.8356,338.6463,503.1475,443.3876,602.2449,
121,2016,2017,2018,2019,2020,|,57.0766,237.9602,395.3912,485.3255,705.4091,
122,2016,2017,2018,2019,2020,|,252.9045,349.1436,505.4853,845.8112,951.7586,
123,2016,2017,2018,2019,2020,|,590.6589,669.2906,520.3314,818.4527,811.1975,
124,2016,2017,2018,2019,2020,|,751.6517,662.1999,762.1507,977.7688,694.2154,
125,2016,2017,2018,2019,2020,|,184.7626,285.4694,453.4493,862.7007,839.2800,
126,2016,2017,2018,2019,2020,|,208.3690,297.6563,266.7683,931.2125,861.9475,
127,2016,2017,2018,2019,2020,|,445.4786,571.9000,374.3094,675.3994,714.9855,
128,2016,2017,2018,2019,2020,|,525.4377,412.6485,521.5499,820.4826,936.8739,
129,2016,2017,2018,2019,2020,|,680.7858,567.2741,471.2947,796.9990,895.1502,
130,2016,2017,2018,2019,2020,|,202.5998,224.8987,279.7402,618.3084,628.3187,
131,2016,2017,2018,2019,2020,|,214.8874,74.2769,426.1545,693.0993,651.9618,
132,2016,2017,2018,2019,2020,|,213.5819,368.5261,358.0286,673.6883,668.3367,
133,2016,2017,2018,2019,2020,|,306.4308,321.4994,361.3938,402.6756,538.6131,
134,2016,2017,2018,2019,2020,|,519.7277,569.8523,649.4931,980.5858,952.4301,
135,2016,2017,2018,2019,2020,|,337.6929,26.5713,316.5345,583.6173,622.4760,
136,2016,2017,2018,2019,2020,|,277.1815,500.9835,361.9362,767.0029,656.6170,
137,2016,2017,2018,2019,2020,|,162.4448,457.4331,498.9822,485.0115,475.3596,
138,2016,2017,2018,2019,2020,|,28.1793,226.1617,417.8232,432.6715,511.5722,
139,2016,2017,2018,2019,2020,|,102.8570,315.5528,282.3007,302.7850,369.7766,
140,2016,2017,2018,2019,2020,|,220.5407,94.5008,375.6075,674.0748,703.5030,
141,2016,2017,2018,2019,2020,|,611.5169,1243.5673,427.4511,690.8783,951.9830,
142,2016,2017,2018,2019,2020,|,819.4263,599.3597,658.3381,766.6937,919.5168,
143,2016,2017,2018,2019,2020,|,215.8604,354.8270,606.4172,731.3719,898.0953,
144,2016,2017,2018,2019,2020,|,90.4050,181.9429,402.5382,310.7385,407.1015,
145,2016,2017,2018,2019,2020,|,193.6039,276.1572,317.1563,417.5325,492.0218,
146,2016,2017,2018,2019,2020,|,103.4461,322.5781,374.8421,394.3639,456.8637,
147,2016,2017,2018,2019,2020,|,73.3204,272.9688,491.3281,373.3672,516.9223,
148,2016,2017,2018,2019,2020,|,341.1698,512.9964,476.5782,577.1371,624.9573,
149,2016,2017,2018,2019,2020,|,94.1039,620.5833,424.7927,581.5044,588.0755,
150,2016,2017,2018,2019,2020,|,961.1057,429.3829,441.3992,433.4881,553.1277,
151,2016,2017,2018,2019,2020,|,1352.4172,473.1041,400.5029,461.9227,554.7335,
152,2016,2017,2018,2019,2020,|,410.8011,443.3965,585.4442,859.3972,865.2903,
153,2016,2017,2018,2019,2020,|,410.2351,650.3831,526.4704,783.0980,706.0292,
154,2016,2017,2018,2019,2020,|,189.1701,162.5944,380.9987,589.2724,653.6482,
155,2016,2017,2018,2019,2020,|,270.1965,251.0999,350.4114,431.7425,501.8851,
156,2016,2017,2018,2019,2020,|,1086.8362,916.6106,904.7598,1239.1798,1162.8375,
157,2016,2017,2018,2019,2020,|,1045.0578,828.2528,807.4375,1156.2299,999.4256,
158,2016,2017,2018,2019,2020,|,521.8941,626.1305,483.5437,724.7193,530.6953,
159,2016,2017,2018,2019,2020,|,275.5088,510.6971,156.6113,307.6222,770.7555,
160,2016,2017,2018,2019,2020,|,392.4810,455.6767,228.6692,497.1984,847.1114,
161,2016,2017,2018,2019,2020,|,301.3517,166.9389,303.8015,481.4612,674.8637,
162,2016,2017,2018,2019,2020,|,274.2723,193.7362,224.4937,420.2680,726.2287,
163,2016,2017,2018,2019,2020,|,404.3813,493.5310,259.8238,801.5481,807.6140,
164,2016,2017,2018,2019,2020,|,218.4925,252.7922,325.2719,670.6045,675.5790,
165,2016,2017,2018,2019,2020,|,584.5594,457.8996,216.3970,391.5108,453.7046,
166,2016,2017,2018,2019,2020,|,159.5009,373.1985,372.6891,783.9514,692.2240,
167,2016,2017,2018,2019,2020,|,166.3328,228.4336,160.5455,297.2969,715.8895,
168,2016,2017,2018,2019,2020,|,270.2276,869.3631,622.4493,935.0530,658.4086,
169,2016,2017,2018,2019,2020,|,131.3262,280.7475,473.7756,491.5200,604.8251,
170,2016,2017,2018,2019,2020,|,40.1911,188.8276,325.2370,599.7884,562.6765,
171,2016,2017,2018,2019,2020,|,252.4404,476.4982,547.3810,590.3302,697.5807,
172,2016,2017,2018,2019,2020,|,137.5389,79.0461,504.3102,663.2015,769.1820,
173,2016,2017,2018,2019,2020,|,113.2857,157.3932,406.8368,530.1600,577.9802,
174,2016,2017,2018,2019,2020,|,51.1476,120.6404,535.7274,582.5899,689.6198,
175,2016,2017,2018,2019,2020,|,138.5344,263.8080,326.6688,617.3763,703.9415,
176,2016,2017,2018,2019,2020,|,190.5370,37.7591,529.3997,703.6148,854.3463,
177,2016,2017,2018,2019,2020,|,312.6710,68.5116,273.2146,658.5161,824.8144,
178,2016,2017,2018,2019,2020,|,438.1422,762.9758,389.6875,573.3856,557.2996,
179,2016,2017,2018,2019,2020,|,98.4737,236.2554,339.8262,597.5687,590.1117,
180,2016,2017,2018,2019,2020,|,303.1796,422.9113,267.1631,567.6453,576.0225,
181,2016,2017,2018,2019,2020,|,331.5968,685.1212,494.6826,658.8993,641.4863,
182,2016,2017,2018,2019,2020,|,109.7383,52.2377,303.8145,345.4125,378.4155,
183,2016,2017,2018,2019,2020,|,634.6051,393.9525,157.2891,363.3773,399.8311,
184,2016,2017,2018,2019,2020,|,601.5856,685.6082,338.5064,289.7222,323.6985,
185,2016,2017,2018,2019,2020,|,199.1825,226.9609,324.9024,250.8014,461.0672,
186,2016,2017,2018,2019,2020,|,191.0309,194.3396,328.0079,244.5544,598.5984,
187,2016,2017,2018,2019,2020,|,279.3710,314.0684,390.0349,439.7703,401.4811,
188,2016,2017,2018,2019,2020,|,991.6994,380.5782,574.6194,106.6515,1262.1657,
189,2016,2017,2018,2019,2020,|,455.6443,469.4634,280.9735,383.0347,748.6846,
190,2016,2017,2018,2019,2020,|,359.5658,437.2866,392.8762,652.2188,679.2360,
191,2016,2017,2018,2019,2020,|,619.7450,597.8648,751.2090,1085.7580,1184.9578,
192,2016,2017,2018,2019,2020,|,285.9298,355.8644,363.6816,421.5651,422.4041,
193,2016,2017,2018,2019,2020,|,126.8161,141.6896,283.8913,334.9247,401.6837,
194,2016,2017,2018,2019,2020,|,99.4675,165.8030,243.0987,298.1819,239.9744,
195,2016,2017,2018,2019,2020,|,159.3854,227.0288,219.2027,441.0423,331.5435,
196,2016,2017,2018,2019,2020,|,597.2286,373.3207,392.5114,878.3601,768.0480,
197,2016,2017,2018,2019,2020,|,846.6453,619.0411,486.9121,997.9600,843.0326,
198,2016,2017,2018,2019,2020,|,330.8730,535.1310,281.9502,410.8185,367.0235,
199,2016,2017,2018,2019,2020,|,264.6275,154.9700,231.4558,488.1468,318.6206,
200,2016,2017,2018,2019,2020,|,43.9096,73.5217,173.3716,456.4947,373.7106,
201,2016,2017,2018,2019,2020,|,812.0417,921.3423,463.0322,755.1913,894.3961,
202,2016,2017,2018,2019,2020,|,313.2710,313.0989,302.6366,438.0482,476.4770,
203,2016,2017,2018,2019,2020,|,304.4046,385.1821,398.9095,357.8155,447.2199,
204,2016,2017,2018,2019,2020,|,87.7772,85.4995,178.9008,372.3369,320.0288,
205,2016,2017,2018,2019,2020,|,270.2431,433.2578,333.7651,315.5273,305.3121,
206,2016,2017,2018,2019,2020,|,86.8476,38.4949,318.2665,360.3107,360.0573,
207,2016,2017,2018,2019,2020,|,152.2590,102.9465,95.9568,367.9275,395.1095,
208,2016,2017,2018,2019,2020,|,397.1660,331.5935,265.7075,411.8168,376.2324,
209,2016,2017,2018,2019,2020,|,225.3231,263.1599,397.4132,369.6621,377.9529,
210,2016,2017,2018,2019,2020,|,326.1417,295.1111,500.2367,384.9454,354.5219,
211,2016,2017,2018,2019,2020,|,186.3343,201.1419,483.4911,374.3462,394.8524,
212,2016,2017,2018,2019,2020,|,89.5988,93.0419,400.0865,296.2069,314.1854,
213,2016,2017,2018,2019,2020,|,165.1535,438.2985,167.7900,418.0795,554.2860,
214,2016,2017,2018,2019,2020,|,193.7350,284.1684,46.2062,99.9419,572.9255,
215,2016,2017,2018,2019,2020,|,1153.2893,307.4819,432.8905,207.5169,592.9552,
216,2016,2017,2018,2019,2020,|,350.8873,375.4731,46.0172,221.2110,580.0208,
217,2016,2017,2018,2019,2020,|,570.8203,1053.5415,245.0794,412.4896,437.0950,
218,2016,2017,2018,2019,2020,|,126.6765,262.9878,258.7473,354.5180,376.0657,
219,2016,2017,2018,2019,2020,|,121.4784,122.2879,541.6293,659.1500,905.1260,
220,2016,2017,2018,2019,2020,|,323.2590,247.4753,482.7595,736.2249,855.6293,
221,2016,2017,2018,2019,2020,|,895.1881,571.9573,410.1978,579.9105,742.9619,
222,2016,2017,2018,2019,2020,|,193.5573,209.8023,428.0811,518.5727,554.0762,
223,2016,2017,2018,2019,2020,|,129.6319,40.8542,108.6908,916.0882,807.7863,
224,2016,2017,2018,2019,2020,|,71.8787,99.2141,153.3707,904.2516,738.1329,
225,2016,2017,2018,2019,2020,|,152.1258,144.6308,178.3762,985.6957,889.0660,
226,2016,2017,2018,2019,2020,|,597.1991,418.7803,257.9339,907.7031,794.0603,
227,2016,2017,2018,2019,2020,|,150.0634,160.9351,517.7600,933.4667,794.3761,
228,2016,2017,2018,2019,2020,|,1107.7525,1118.2567,443.0266,592.1524,619.2789,
229,2016,2017,2018,2019,2020,|,1047.4693,811.9232,201.9249,572.6463,589.7808,
230,2016,2017,2018,2019,2020,|,479.0802,434.2031,252.2762,524.3295,655.3388,
231,2016,2017,2018,2019,2020,|,69.2261,92.8755,82.1906,457.1831,567.3489,
232,2016,2017,2018,2019,2020,|,283.2177,134.6233,177.2627,286.6940,512.1317,
233,2016,2017,2018,2019,2020,|,292.3816,305.6612,223.5558,788.6745,675.9290,
234,2016,2017,2018,2019,2020,|,215.1295,175.8742,172.3414,592.4701,762.4945,
235,2016,2017,2018,2019,2020,|,310.4064,395.8374,369.2883,289.4130,679.3937,
236,2016,2017,2018,2019,2020,|,351.1226,306.4573,329.7367,568.7711,641.4247,
237,2016,2017,2018,2019,2020,|,344.4697,245.2667,212.7274,369.5737,557.3862,
238,2016,2017,2018,2019,2020,|,142.5757,108.9417,83.0843,450.5668,801.4975,
239,2016,2017,2018,2019,2020,|,503.1472,413.8042,198.4538,346.8418,468.5909,
240,2016,2017,2018,2019,2020,|,546.7296,347.4794,253.3098,323.6643,502.4486,
241,2016,2017,2018,2019,2020,|,480.8278,406.8276,266.9852,344.4051,619.1546,
242,2016,2017,2018,2019,2020,|,456.3233,486.8633,257.4061,285.6230,442.5995,
243,2016,2017,2018,2019,2020,|,327.3114,221.7024,404.7405,444.5284,647.1119,
244,2016,2017,2018,2019,2020,|,395.4035,146.8809,354.5848,332.8116,483.8576,
245,2016,2017,2018,2019,2020,|,117.2235,46.7098,522.5749,443.3358,688.9371,
246,2016,2017,2018,2019,2020,|,438.3026,246.0452,320.8603,346.1945,588.4498,
247,2016,2017,2018,2019,2020,|,272.5512,116.7281,237.0368,407.9550,641.4816,
248,2016,2017,2018,2019,2020,|,153.3822,73.6459,174.6583,414.6934,421.7801,
249,2016,2017,2018,2019,2020,|,302.2235,294.4148,248.0076,523.3960,525.3242,
250,2016,2017,2018,2019,2020,|,123.1666,211.0538,255.5731,460.4940,303.1541,
251,2016,2017,2018,2019,2020,|,498.1655,729.7162,505.5519,616.8978,722.4940,
252,2016,2017,2018,2019,2020,|,148.6186,935.6477,673.6272,836.7321,769.8616,
253,2016,2017,2018,2019,2020,|,94.5395,130.4264,120.7786,119.3428,494.1776,
254,2016,2017,2018,2019,2020,|,498.1685,912.2854,656.0080,1046.3441,941.5379,
255,2016,2017,2018,2019,2020,|,152.7133,246.8334,494.6933,610.4944,743.3589,
256,2016,2017,2018,2019,2020,|,50.4440,165.8529,112.5866,308.1694,637.7123,
257,2016,2017,2018,2019,2020,|,36.6103,60.7049,53.3579,241.6097,633.8601,
258,2016,2017,2018,2019,2020,|,166.4811,151.7565,538.4526,593.5685,728.0247,
259,2016,2017,2018,2019,2020,|,392.0824,516.4836,378.6814,492.8768,532.2368,
260,2016,2017,2018,2019,2020,|,803.6110,674.6201,401.4332,473.7164,530.8134,
261,2016,2017,2018,2019,2020,|,638.6181,605.1243,347.9429,342.7739,389.9002,
262,2016,2017,2018,2019,2020,|,922.8223,780.0994,350.5427,535.0728,699.6814,
263,2016,2017,2018,2019,2020,|,755.5891,355.6058,793.2067,1210.3278,1265.7842,
264,2016,2017,2018,2019,2020,|,356.4054,333.5231,134.6094,351.3079,302.0221,
265,2016,2017,2018,2019,2020,|,259.8206,269.6552,119.8582,403.6977,294.1145,
266,2016,2017,2018,2019,2020,|,508.9516,485.9939,143.1816,315.9616,322.3870,
267,2016,2017,2018,2019,2020,|,371.5941,230.4999,231.1575,205.1480,760.4415,
268,2016,2017,2018,2019,2020,|,778.9661,794.0288,744.5495,1067.6929,1162.7105,
269,2016,2017,2018,2019,2020,|,308.3736,357.4048,353.7995,545.5718,658.4116,
270,2016,2017,2018,2019,2020,|,842.0402,901.0623,772.2089,1039.4791,1215.7911,
271,2016,2017,2018,2019,2020,|,402.2243,430.5532,411.4073,672.0372,774.3272,
272,2016,2017,2018,2019,2020,|,177.1910,187.6681,468.6859,593.3641,752.4273,
273,2016,2017,2018,2019,2020,|,697.1558,679.3374,239.8743,391.8431,387.1183,
274,2016,2017,2018,2019,2020,|,206.3317,128.7360,443.7250,546.9382,515.3563,
275,2016,2017,2018,2019,2020,|,566.5853,460.6773,322.3065,565.2645,565.4565,
276,2016,2017,2018,2019,2020,|,115.2350,49.8666,719.3516,1061.9801,1188.7297,
277,2016,2017,2018,2019,2020,|,192.2052,916.6364,784.1616,1202.4574,1417.6828,
278,2016,2017,2018,2019,2020,|,341.3836,304.0133,313.1962,673.2817,887.1533,
279,2016,2017,2018,2019,2020,|,471.1005,628.5933,543.6013,687.6755,747.1608,
280,2016,2017,2018,2019,2020,|,98.7320,165.7140,211.6569,245.7607,629.3550,
281,2016,2017,2018,2019,2020,|,66.2593,558.9070,486.8822,465.0346,469.7396,
282,2016,2017,2018,2019,2020,|,219.6149,214.2841,207.8090,217.5213,404.7029,
283,2016,2017,2018,2019,2020,|,370.2936,566.5392,1247.8555,1709.7985,2128.4866,
284,2016,2017,2018,2019,2020,|,489.2432,759.7754,737.5046,1171.4301,1119.9083,
285,2016,2017,2018,2019,2020,|,213.3531,299.5876,450.3584,390.2617,513.7687,
286,2016,2017,2018,2019,2020,|,330.4987,69.6276,370.5396,375.0858,460.4553,
287,2016,2017,2018,2019,2020,|,105.1687,191.1218,515.1461,1505.0832,1489.4723,
288,2016,2017,2018,2019,2020,|,171.6344,43.0734,309.8034,312.7295,451.7024,
289,2016,2017,2018,2019,2020,|,271.2385,173.4843,388.7415,270.1481,464.8111,
290,2016,2017,2018,2019,2020,|,70.2904,102.4257,177.5429,322.7644,469.9471,
291,2016,2017,2018,2019,2020,|,254.2974,225.8809,467.8368,407.8584,565.9407,
292,2016,2017,2018,2019,2020,|,164.4623,140.0936,477.3735,506.7447,596.1127,
293,2016,2017,2018,2019,2020,|,444.0745,763.4886,394.8524,597.6427,573.8352,
294,2016,2017,2018,2019,2020,|,141.2456,82.9843,228.2268,271.8817,446.8773,
295,2016,2017,2018,2019,2020,|,564.5134,83.6291,199.1419,219.6407,872.1808,
296,2016,2017,2018,2019,2020,|,279.7267,195.0935,182.5393,543.9060,875.6931,
297,2016,2017,2018,2019,2020,|,85.5121,57.6213,65.9195,94.9653,628.6372,
298,2016,2017,2018,2019,2020,|,164.6597,184.8456,163.0551,477.3856,803.4226,
299,2016,2017,2018,2019,2020,|,1095.7823,667.0620,609.5118,1083.0340,1269.1436,
300,2016,2017,2018,2019,2020,|,721.1925,791.6664,642.5423,701.0908,858.8254,
301,2016,2017,2018,2019,2020,|,296.0256,191.7212,148.6037,556.5899,658.7071,
302,2016,2017,2018,2019,2020,|,290.2278,389.7161,628.2774,617.7843,1043.4335,
303,2016,2017,2018,2019,2020,|,222.8563,270.8553,346.2077,482.1212,733.9795,
304,2016,2017,2018,2019,2020,|,383.6754,348.7652,453.6538,369.0200,493.3332,
305,2016,2017,2018,2019,2020,|,309.8833,237.1987,287.7909,670.8209,640.2639,
306,2016,2017,2018,2019,2020,|,269.9109,222.0412,358.4628,357.3758,534.2112,
307,2016,2017,2018,2019,2020,|,71.6752,72.8304,147.7457,626.3340,346.3802,
308,2016,2017,2018,2019,2020,|,174.5620,107.5233,182.5337,263.7171,400.0632,
309,2016,2017,2018,2019,2020,|,276.5649,656.5544,513.1285,800.9971,775.5959,
310,2016,2017,2018,2019,2020,|,691.1369,152.5675,445.7392,577.7811,762.1171,
311,2016,2017,2018,2019,2020,|,328.0122,231.4995,218.0300,338.4959,543.0956,
312,2016,2017,2018,2019,2020,|,176.9039,555.8113,355.5846,541.1094,597.4780,
313,2016,2017,2018,2019,2020,|,17.0905,21.7824,375.5075,407.7062,352.0631,
314,2016,2017,2018,2019,2020,|,111.6417,70.3439,273.0895,320.4142,379.2943,
315,2016,2017,2018,2019,2020,|,137.1087,39.4625,376.1779,354.0378,376.8436,
316,2016,2017,2018,2019,2020,|,197.2539,62.0280,339.0262,398.1733,295.5075,
317,2016,2017,2018,2019,2020,|,95.0485,34.9585,455.0742,417.4843,432.0572,
318,2016,2017,2018,2019,2020,|,152.1542,121.6566,228.0653,459.0498,551.4380,
319,2016,2017,2018,2019,2020,|,250.3922,140.5237,205.7104,377.4917,428.8171,
320,2016,2017,2018,2019,2020,|,85.6181,248.9952,322.6263,607.9675,879.6283,
321,2016,2017,2018,2019,2020,|,33.9778,283.9231,87.0191,260.5730,1008.6665,
322,2016,2017,2018,2019,2020,|,225.1866,56.1973,64.9739,168.2217,1014.5025,
323,2016,2017,2018,2019,2020,|,361.8534,195.2316,62.0330,213.4756,1004.5931,
324,2016,2017,2018,2019,2020,|,535.5290,592.1188,1027.0988,1344.6959,1343.9372,
325,2016,2017,2018,2019,2020,|,448.7038,661.6195,998.3673,1351.7075,1386.2027,
326,2016,2017,2018,2019,2020,|,370.9868,465.6477,920.4769,1250.5951,1312.0328,
327,2016,2017,2018,2019,2020,|,290.7361,278.8903,226.3212,622.3679,678.3164,
328,2016,2017,2018,2019,2020,|,645.9729,526.4520,859.5891,1141.0645,1209.2146,
329,2016,2017,2018,2019,2020,|,63.9292,379.5095,386.8001,396.0407,758.7469,
330,2016,2017,2018,2019,2020,|,288.4773,598.2987,691.4942,984.7870,988.1706,
331,2016,2017,2018,2019,2020,|,319.2743,709.4769,641.3061,1053.1577,1107.6125,
332,2016,2017,2018,2019,2020,|,577.2773,321.4827,461.3734,845.4256,913.6561,
333,2016,2017,2018,2019,2020,|,429.2239,507.5989,819.8840,1070.5043,1178.8922,
334,2016,2017,2018,2019,2020,|,246.0300,797.3047,639.4570,1045.7015,1149.3800,
335,2016,2017,2018,2019,2020,|,399.1091,301.7768,72.7715,1146.5083,1118.1858,
336,2016,2017,2018,2019,2020,|,231.7592,350.4401,640.6263,937.7999,1208.8992,
337,2016,2017,2018,2019,2020,|,174.4484,208.9662,449.4771,870.5166,951.1179,
338,2016,2017,2018,2019,2020,|,71.9404,181.1300,394.8001,877.1665,1133.7123,
339,2016,2017,2018,2019,2020,|,151.3438,30.9931,263.9033,1243.5197,1277.4912,
340,2016,2017,2018,2019,2020,|,272.6277,61.0318,291.7909,997.2742,1098.5348,
341,2016,2017,2018,2019,2020,|,129.7261,143.6933,416.3565,289.3284,350.8696,
342,2016,2017,2018,2019,2020,|,142.7466,173.3616,523.0745,285.3628,363.3669,
343,2016,2017,2018,2019,2020,|,239.0940,160.1094,177.8920,326.6535,252.8817,
344,2016,2017,2018,2019,2020,|,nan,nan,nan,nan,nan,
345,2016,2017,2018,2019,2020,|,9.5011,78.1201,215.9831,327.2938,346.8882,
346,2016,2017,2018,2019,2020,|,65.9099,54.7031,160.0280,344.4696,386.6406,
347,2016,2017,2018,2019,2020,|,160.6829,93.1329,159.6009,273.6175,225.7671,
348,2016,2017,2018,2019,2020,|,334.1445,81.5404,235.4209,381.2782,352.5898,
349,2016,2017,2018,2019,2020,|,37.7194,72.3652,463.2739,503.1431,528.1159,
350,2016,2017,2018,2019,2020,|,168.5263,163.8771,559.8318,532.9757,678.8788,
351,2016,2017,2018,2019,2020,|,478.2889,284.1549,506.2992,600.8849,660.0354,
352,2016,2017,2018,2019,2020,|,166.7893,94.3147,433.9441,511.6469,627.2354,
353,2016,2017,2018,2019,2020,|,228.1428,88.6140,597.9622,836.9768,856.2452,
354,2016,2017,2018,2019,2020,|,155.3702,110.2772,398.5198,539.5299,555.9667,
355,2016,2017,2018,2019,2020,|,753.8900,465.3522,783.8459,381.7814,545.7427,
356,2016,2017,2018,2019,2020,|,70.4243,139.6360,415.1554,424.7261,395.4194,
357,2016,2017,2018,2019,2020,|,162.9054,194.8735,364.3745,397.9164,436.7863,
358,2016,2017,2018,2019,2020,|,463.3552,458.2431,312.0827,451.7903,470.1097,
359,2016,2017,2018,2019,2020,|,135.9982,237.6494,661.4925,1030.6812,987.2622,
360,2016,2017,2018,2019,2020,|,288.7135,184.4704,192.0361,402.1716,1351.5225,
361,2016,2017,2018,2019,2020,|,262.0432,217.1133,180.1745,300.2385,1338.3669,
362,2016,2017,2018,2019,2020,|,227.7421,243.1240,502.2126,630.9061,590.5401,
363,2016,2017,2018,2019,2020,|,389.9802,299.2600,203.0553,375.4147,1272.9823,
364,2016,2017,2018,2019,2020,|,172.6362,164.7446,472.7399,663.4978,572.1054,
365,2016,2017,2018,2019,2020,|,473.6615,305.8221,520.6691,658.4275,696.2906,
366,2016,2017,2018,2019,2020,|,67.3746,149.5748,456.0699,633.5429,607.4400,
367,2016,2017,2018,2019,2020,|,304.4758,596.6627,565.2942,692.4530,847.4694,
368,2016,2017,2018,2019,2020,|,85.9010,269.9692,338.0573,409.4545,524.2830,
369,2016,2017,2018,2019,2020,|,990.9360,205.9591,267.1244,474.3130,557.6710,
370,2016,2017,2018,2019,2020,|,385.8153,240.1867,331.3245,486.0881,613.2310,
371,2016,2017,2018,2019,2020,|,736.7484,271.1972,408.3780,624.1700,578.7926,
372,2016,2017,2018,2019,2020,|,184.6535,345.8106,350.0888,456.3615,642.8267,
373,2016,2017,2018,2019,2020,|,167.7104,395.5136,347.9387,415.1611,632.9330,
374,2016,2017,2018,2019,2020,|,454.8432,414.5914,419.6426,541.5016,626.6492,
375,2016,2017,2018,2019,2020,|,628.5921,564.0334,443.9784,564.2984,624.4287,
376,2016,2017,2018,2019,2020,|,246.0409,351.2518,342.0011,498.0714,610.9104,
377,2016,2017,2018,2019,2020,|,543.7977,270.5459,255.7236,455.9310,568.8444,
378,2016,2017,2018,2019,2020,|,602.5860,236.7824,218.6173,386.4848,579.1151,
379,2016,2017,2018,2019,2020,|,481.3918,304.4599,258.8285,444.0390,663.8670,
380,2016,2017,2018,2019,2020,|,115.7835,259.0349,312.0185,480.7642,1001.2197,
381,2016,2017,2018,2019,2020,|,139.9610,109.5396,103.0980,230.5472,1170.5070,
382,2016,2017,2018,2019,2020,|,248.7570,82.3453,146.1106,159.3417,1050.8100,
383,2016,2017,2018,2019,2020,|,381.1405,640.4783,544.5668,569.4486,761.0130,
384,2016,2017,2018,2019,2020,|,244.8551,686.0640,619.8011,592.5003,782.1810,
385,2016,2017,2018,2019,2020,|,394.3772,335.1399,563.7185,632.9980,804.0992,
386,2016,2017,2018,2019,2020,|,784.8384,838.4333,742.9957,1090.3244,1427.0429,
387,2016,2017,2018,2019,2020,|,258.4431,373.7788,405.5980,398.2245,502.5700,
388,2016,2017,2018,2019,2020,|,127.7637,131.9232,447.5286,537.3117,585.1896,
389,2016,2017,2018,2019,2020,|,185.6153,93.5167,414.6600,415.4956,475.4507,
390,2016,2017,2018,2019,2020,|,171.8924,65.6519,426.5433,420.3878,477.3109,
391,2016,2017,2018,2019,2020,|,258.8067,309.8730,322.3004,946.6973,1069.2114,
392,2016,2017,2018,2019,2020,|,162.6144,218.0488,177.5205,1155.6418,1276.3334,
393,2016,2017,2018,2019,2020,|,391.9665,241.2814,179.8049,1073.7888,1235.2932,
394,2016,2017,2018,2019,2020,|,148.1141,96.0041,729.3111,1005.3183,1183.2867,
395,2016,2017,2018,2019,2020,|,77.1514,129.8434,303.1570,792.3584,904.0247,
396,2016,2017,2018,2019,2020,|,357.7754,395.0048,374.8566,914.3071,1040.9601,
397,2016,2017,2018,2019,2020,|,364.1285,361.0008,563.4673,883.0314,1087.3038,
398,2016,2017,2018,2019,2020,|,127.7221,182.0032,719.8079,941.4662,1148.7881,
399,2016,2017,2018,2019,2020,|,156.8318,137.3869,639.7144,907.9975,1128.2990,
400,2016,2017,2018,2019,2020,|,403.7808,365.2333,436.5377,761.0177,1075.8510,
401,2016,2017,2018,2019,2020,|,251.0666,186.8354,670.0105,943.7083,1147.0838,
402,2016,2017,2018,2019,2020,|,42.9408,550.6336,603.1799,755.3300,1004.2330,
403,2016,2017,2018,2019,2020,|,592.7523,118.8783,587.8418,828.9517,1064.0741,
404,2016,2017,2018,2019,2020,|,134.5608,59.9556,507.9267,976.8512,1203.1180,
405,2016,2017,2018,2019,2020,|,144.8808,119.4089,651.6933,1169.7232,1277.6695,
406,2016,2017,2018,2019,2020,|,117.8527,205.3460,942.4092,1208.2432,1259.5527,
407,2016,2017,2018,2019,2020,|,424.2222,1414.2556,998.3325,1256.4781,1366.1724,
408,2016,2017,2018,2019,2020,|,253.8102,814.4686,847.2032,903.1894,783.8337,
409,2016,2017,2018,2019,2020,|,316.0212,716.8786,793.1403,1003.5998,1077.2493,
410,2016,2017,2018,2019,2020,|,104.4416,178.0239,614.8352,910.5497,837.6509,
411,2016,2017,2018,2019,2020,|,631.5286,635.7054,626.8932,380.4915,847.0163,
412,2016,2017,2018,2019,2020,|,540.9341,445.7426,576.8312,637.6075,795.1936,
413,2016,2017,2018,2019,2020,|,204.2428,676.0715,696.5307,823.1229,982.7642,
414,2016,2017,2018,2019,2020,|,87.3996,667.9176,627.2765,691.4974,793.8256,
415,2016,2017,2018,2019,2020,|,273.4919,279.2070,759.4861,977.1860,1114.8592,
416,2016,2017,2018,2019,2020,|,85.7515,740.9786,726.8453,858.1657,979.8295,
417,2016,2017,2018,2019,2020,|,152.2216,758.8594,805.7350,1272.0157,1168.1786,
418,2016,2017,2018,2019,2020,|,112.3455,494.0544,721.8419,739.6912,654.7909,
419,2016,2017,2018,2019,2020,|,78.0578,450.3900,788.0635,821.4622,736.3587,
420,2016,2017,2018,2019,2020,|,216.2231,472.1818,703.5130,691.2057,745.9299,
421,2016,2017,2018,2019,2020,|,290.2999,771.3390,922.2768,1217.1658,1235.4978,
422,2016,2017,2018,2019,2020,|,119.5927,836.1245,1115.6171,1219.1892,1301.8004,
423,2016,2017,2018,2019,2020,|,262.4975,732.3964,873.5077,1181.1851,1151.8717,
424,2016,2017,2018,2019,2020,|,124.1927,868.5060,1009.0957,1335.0955,1358.5167,
425,2016,2017,2018,2019,2020,|,220.0707,911.8591,1049.9966,1300.5623,1312.1968,
426,2016,2017,2018,2019,2020,|,939.0634,786.0076,1126.2554,1981.6246,1183.4363,
427,2016,2017,2018,2019,2020,|,116.7828,689.8342,733.8585,1162.5715,1234.9096,
428,2016,2017,2018,2019,2020,|,212.8039,1111.8739,1092.2992,1326.9835,1147.3508,
429,2016,2017,2018,2019,2020,|,143.7521,530.2945,688.6962,1156.8276,1153.1548,
430,2016,2017,2018,2019,2020,|,716.4056,616.5012,624.8320,774.9531,781.0880,
431,2016,2017,2018,2019,2020,|,298.4086,1005.0933,1038.2863,1118.8034,1044.3471,
432,2016,2017,2018,2019,2020,|,107.8082,818.7887,911.2972,1096.5998,1037.0952,
433,2016,2017,2018,2019,2020,|,192.6240,119.6894,814.7398,1005.8553,1058.4952,
434,2016,2017,2018,2019,2020,|,258.3774,443.3894,999.3090,1275.5749,1441.6716,
435,2016,2017,2018,2019,2020,|,130.4334,124.0207,978.9595,1309.2251,1382.8284,
436,2016,2017,2018,2019,2020,|,207.7722,395.4370,399.8170,608.0491,587.3263,
437,2016,2017,2018,2019,2020,|,313.5753,243.3437,470.7302,349.9161,1104.5647,
438,2016,2017,2018,2019,2020,|,455.8206,304.2940,804.6268,1061.8446,1238.4188,
439,2016,2017,2018,2019,2020,|,175.1293,195.7727,98.6463,285.4757,1152.4306,
440,2016,2017,2018,2019,2020,|,90.2880,355.5928,766.2399,1347.5100,1061.8586,
441,2016,2017,2018,2019,2020,|,512.7874,869.0886,1008.2748,1545.2032,1095.8981,
442,2016,2017,2018,2019,2020,|,185.1653,103.4983,172.4085,1047.4838,1147.9161,
443,2016,2017,2018,2019,2020,|,472.0813,488.3870,277.0828,1185.1695,1251.2532,
444,2016,2017,2018,2019,2020,|,201.1984,209.7951,315.1537,764.0666,865.6013,
445,2016,2017,2018,2019,2020,|,262.2481,154.7134,78.2765,513.3134,772.9667,
446,2016,2017,2018,2019,2020,|,146.1404,142.4862,111.9301,886.0911,817.6752,
447,2016,2017,2018,2019,2020,|,80.7366,792.2555,825.9240,1230.1747,1203.5396,
448,2016,2017,2018,2019,2020,|,188.4680,210.3899,332.0508,867.9527,618.9554,
449,2016,2017,2018,2019,2020,|,375.6516,304.3640,253.8984,692.4931,732.2569,
450,2016,2017,2018,2019,2020,|,341.7792,306.5721,264.7204,460.7773,886.1737,
451,2016,2017,2018,2019,2020,|,196.2433,182.7280,389.3407,647.1037,849.9114,
452,2016,2017,2018,2019,2020,|,341.7999,526.9663,373.9062,79.5587,702.8972,
453,2016,2017,2018,2019,2020,|,59.0607,47.4007,55.3229,277.5955,889.5558,
454,2016,2017,2018,2019,2020,|,337.2054,672.6047,145.2275,59.4355,952.2971,
455,2016,2017,2018,2019,2020,|,21.6903,153.1981,240.6171,247.8820,732.8881,
456,2016,2017,2018,2019,2020,|,180.5844,249.3604,464.3354,1134.8128,1034.6905,
457,2016,2017,2018,2019,2020,|,154.6873,225.2794,285.9076,616.5070,717.7704,
458,2016,2017,2018,2019,2020,|,673.6603,488.4287,314.1986,891.1297,758.5062,
459,2016,2017,2018,2019,2020,|,166.4392,163.6313,350.7575,431.0167,829.1894,
460,2016,2017,2018,2019,2020,|,285.9894,121.3751,267.4573,763.9282,763.3206,
461,2016,2017,2018,2019,2020,|,128.1484,394.9441,283.0305,227.3651,450.9783,
462,2016,2017,2018,2019,2020,|,173.8187,92.8763,155.4364,275.1833,638.0994,
463,2016,2017,2018,2019,2020,|,83.0564,191.9206,88.1907,825.2559,598.5870,
464,2016,2017,2018,2019,2020,|,717.7997,459.8955,185.6887,874.6418,741.5465,
465,2016,2017,2018,2019,2020,|,642.2418,372.7360,189.6375,923.5753,714.4326,
466,2016,2017,2018,2019,2020,|,535.5329,317.1684,117.5014,209.9517,808.4616,
467,2016,2017,2018,2019,2020,|,113.2169,180.4674,298.1790,356.7705,768.4560,
468,2016,2017,2018,2019,2020,|,197.2778,206.3390,330.5280,1245.2237,978.6899,
469,2016,2017,2018,2019,2020,|,578.1557,540.8962,395.4652,759.7687,932.2394,
470,2016,2017,2018,2019,2020,|,543.0746,65.6650,157.2579,569.0915,852.4371,
471,2016,2017,2018,2019,2020,|,545.9202,547.9342,368.6349,735.4549,770.4749,
472,2016,2017,2018,2019,2020,|,642.2071,591.2592,626.3459,1020.6857,1002.3905,
473,2016,2017,2018,2019,2020,|,334.7628,169.4189,87.0002,1032.0820,1010.2259,
474,2016,2017,2018,2019,2020,|,479.0064,360.5960,201.7226,563.0466,917.6559,
475,2016,2017,2018,2019,2020,|,164.3516,442.4484,378.2908,1077.2757,850.2683,
476,2016,2017,2018,2019,2020,|,122.7964,67.2135,250.5160,528.0817,922.8154,
477,2016,2017,2018,2019,2020,|,603.5799,715.9407,604.2838,939.1599,867.6008,
478,2016,2017,2018,2019,2020,|,785.2876,530.1784,180.2527,813.2891,975.2583,
479,2016,2017,2018,2019,2020,|,791.2671,645.2130,502.4478,1130.4653,929.6198,
480,2016,2017,2018,2019,2020,|,573.8597,233.6786,69.1250,430.7687,917.6798,
481,2016,2017,2018,2019,2020,|,79.5489,89.4103,139.3754,308.0109,716.5621,
482,2016,2017,2018,2019,2020,|,429.4398,411.2327,310.7379,633.8739,1019.5903,
483,2016,2017,2018,2019,2020,|,698.9538,545.6155,455.0356,856.0273,975.7492,
484,2016,2017,2018,2019,2020,|,112.3419,39.4702,116.1589,858.8889,1015.7809,
485,2016,2017,2018,2019,2020,|,191.8073,252.7029,301.7422,430.8626,1208.4204,
486,2016,2017,2018,2019,2020,|,337.4904,498.3125,416.8226,1252.0688,838.4685,
487,2016,2017,2018,2019,2020,|,708.6819,228.2325,116.7942,985.7000,946.5560,
488,2016,2017,2018,2019,2020,|,481.8591,577.0333,699.1737,1007.2268,997.9059,
489,2016,2017,2018,2019,2020,|,70.5628,203.6625,320.9813,1101.9055,1029.4593,
490,2016,2017,2018,2019,2020,|,271.3637,235.6012,99.2980,1050.5843,1108.1868,
491,2016,2017,2018,2019,2020,|,446.1527,524.1235,613.2869,753.7122,964.9194,
492,2016,2017,2018,2019,2020,|,370.9152,286.6094,101.6552,134.4449,704.3282,
493,2016,2017,2018,2019,2020,|,184.9864,170.4593,110.9549,105.8429,511.9907,
494,2016,2017,2018,2019,2020,|,127.0221,191.9705,260.7662,488.3288,933.3959,
495,2016,2017,2018,2019,2020,|,370.0129,242.8782,594.1417,545.1456,901.8966,
496,2016,2017,2018,2019,2020,|,401.7654,418.8704,732.0026,929.8468,978.7092,
497,2016,2017,2018,2019,2020,|,211.8358,375.1158,374.1831,472.9203,903.1438,
498,2016,2017,2018,2019,2020,|,446.5897,328.5084,337.5073,502.5762,977.1581,
499,2016,2017,2018,2019,2020,|,520.9345,627.6312,591.2385,458.0991,844.5668,
500,2016,2017,2018,2019,2020,|,395.2504,310.2884,210.0601,435.1895,810.1312,
501,2016,2017,2018,2019,2020,|,93.0013,352.9597,597.2740,666.0674,897.1658,
502,2016,2017,2018,2019,2020,|,507.2606,573.6378,268.5889,793.9406,1002.4838,
503,2016,2017,2018,2019,2020,|,198.3100,333.2888,593.6445,835.1655,842.1698,
504,2016,2017,2018,2019,2020,|,87.7389,91.6252,173.4236,981.7837,750.9489,
505,2016,2017,2018,2019,2020,|,212.5928,218.5463,217.4360,841.4366,470.2186,
506,2016,2017,2018,2019,2020,|,300.0582,241.2385,278.2931,256.7161,920.2337,
507,2016,2017,2018,2019,2020,|,317.6546,314.9641,359.1234,589.3367,909.1090,
508,2016,2017,2018,2019,2020,|,341.4535,247.1069,542.7283,705.2049,979.3152,
509,2016,2017,2018,2019,2020,|,365.8020,415.5296,553.2161,696.9023,908.0711,
510,2016,2017,2018,2019,2020,|,452.5794,265.4426,220.5067,563.8524,661.8560,
511,2016,2017,2018,2019,2020,|,631.9216,630.8123,263.9225,681.1231,1195.1117,
512,2016,2017,2018,2019,2020,|,73.1127,263.8990,259.3657,537.9064,741.3496,
513,2016,2017,2018,2019,2020,|,233.6487,150.1524,535.0310,779.7369,862.9510,
514,2016,2017,2018,2019,2020,|,348.6983,261.7053,106.6336,195.9806,758.0633,
515,2016,2017,2018,2019,2020,|,172.5495,237.5214,660.9696,955.6424,1216.4749,
516,2016,2017,2018,2019,2020,|,568.7018,387.4247,588.6954,942.2714,1019.9773,
517,2016,2017,2018,2019,2020,|,118.3979,178.4216,628.6420,1177.8930,884.6673,
518,2016,2017,2018,2019,2020,|,140.2552,748.4113,899.4859,1235.4860,1422.1791,
519,2016,2017,2018,2019,2020,|,435.8480,367.4747,339.5215,1008.7489,869.7065,
520,2016,2017,2018,2019,2020,|,289.6601,348.0525,482.6495,1173.1055,1298.6128,
521,2016,2017,2018,2019,2020,|,232.7716,203.7850,486.6320,611.0217,723.0669,
522,2016,2017,2018,2019,2020,|,224.2230,214.4650,543.4964,1236.5544,948.4161,
523,2016,2017,2018,2019,2020,|,298.1218,131.2385,413.6945,755.0952,697.8599,
524,2016,2017,2018,2019,2020,|,158.4565,294.1335,269.5330,416.7127,649.4096,
525,2016,2017,2018,2019,2020,|,83.5337,68.4228,79.8551,1156.6168,861.4550,
526,2016,2017,2018,2019,2020,|,261.6670,133.8028,415.3148,880.0503,839.1253,
527,2016,2017,2018,2019,2020,|,516.8034,419.0929,591.0941,1021.3456,628.2841,
528,2016,2017,2018,2019,2020,|,543.7033,129.3675,205.8687,852.8869,825.9095,
529,2016,2017,2018,2019,2020,|,393.2106,82.7411,540.4474,838.7665,885.5039,
530,2016,2017,2018,2019,2020,|,193.3528,35.7108,202.1558,1007.4597,990.8235,
531,2016,2017,2018,2019,2020,|,553.2111,1309.9649,1191.8571,1769.3991,1852.0181,
532,2016,2017,2018,2019,2020,|,156.8779,361.3882,259.4901,1059.8950,964.5739,
533,2016,2017,2018,2019,2020,|,397.9424,372.6551,376.8014,928.1930,844.4725,
534,2016,2017,2018,2019,2020,|,317.2225,279.0484,568.7327,858.0205,694.3524,
535,2016,2017,2018,2019,2020,|,404.5112,110.9894,501.3181,586.0293,659.7125,
536,2016,2017,2018,2019,2020,|,284.7940,227.0155,478.5711,733.1824,566.8807,
537,2016,2017,2018,2019,2020,|,210.6720,147.5763,481.6082,993.7904,919.5792,
538,2016,2017,2018,2019,2020,|,454.6803,94.9469,396.3851,590.5419,538.2402,
539,2016,2017,2018,2019,2020,|,303.1092,299.7940,196.1204,1112.3951,924.1783,
540,2016,2017,2018,2019,2020,|,481.3738,90.5087,315.3955,530.2442,445.3481,
541,2016,2017,2018,2019,2020,|,491.9077,478.1988,271.5618,862.0625,892.3749,
542,2016,2017,2018,2019,2020,|,205.6828,184.7058,647.5182,926.2702,806.1726,
543,2016,2017,2018,2019,2020,|,314.6223,237.7770,263.9555,382.6344,910.2002,
544,2016,2017,2018,2019,2020,|,382.6441,659.6375,616.7345,1104.1384,690.1888,
545,2016,2017,2018,2019,2020,|,373.8848,485.4401,363.6501,694.5897,836.3754,
546,2016,2017,2018,2019,2020,|,91.5633,164.8576,662.5170,931.2266,1179.7659,
547,2016,2017,2018,2019,2020,|,297.5452,281.4093,367.1488,831.1712,838.5947,
548,2016,2017,2018,2019,2020,|,285.9901,320.6378,198.1866,527.1938,898.9492,
549,2016,2017,2018,2019,2020,|,810.0091,551.5712,835.6461,1130.9837,1161.5969,
550,2016,2017,2018,2019,2020,|,154.1472,114.2113,512.4455,788.5148,744.0405,
551,2016,2017,2018,2019,2020,|,375.0298,278.4064,297.3185,417.6236,432.9734,
552,2016,2017,2018,2019,2020,|,66.7343,348.5884,714.7887,839.1291,1123.0167,
553,2016,2017,2018,2019,2020,|,88.9295,216.1840,866.2316,1223.3739,1065.6796,
554,2016,2017,2018,2019,2020,|,340.4549,553.5539,521.9615,798.1119,966.9985,
555,2016,2017,2018,2019,2020,|,648.7429,507.0280,354.9616,520.6419,651.9775,
556,2016,2017,2018,2019,2020,|,176.6327,303.4503,606.7413,871.4107,891.3572,
557,2016,2017,2018,2019,2020,|,97.9039,184.8988,295.1659,196.8808,949.8217,
558,2016,2017,2018,2019,2020,|,382.5312,465.2745,940.5606,1190.8404,1090.2743,
559,2016,2017,2018,2019,2020,|,557.4410,504.2464,458.9977,750.7225,798.9372,
560,2016,2017,2018,2019,2020,|,424.0053,335.1135,548.9184,911.2773,903.4523,
561,2016,2017,2018,2019,2020,|,156.8708,282.9539,218.0167,447.5717,972.0734,
562,2016,2017,2018,2019,2020,|,101.4742,162.7768,660.3948,944.5250,925.4753,
563,2016,2017,2018,2019,2020,|,236.4698,396.8053,443.7574,259.6297,962.4163,
564,2016,2017,2018,2019,2020,|,436.0435,407.1041,282.6700,715.9550,794.8943,
565,2016,2017,2018,2019,2020,|,209.1261,369.0863,278.1734,454.0843,905.8012,
566,2016,2017,2018,2019,2020,|,214.9397,412.7873,275.9411,468.6339,852.4550,
567,2016,2017,2018,2019,2020,|,120.0615,297.7199,499.4346,717.3994,698.1549,
568,2016,2017,2018,2019,2020,|,407.1974,315.5282,518.2058,985.6134,905.5477,
569,2016,2017,2018,2019,2020,|,427.5279,461.3718,279.5257,743.9548,861.7921,
570,2016,2017,2018,2019,2020,|,272.5844,209.2999,782.5769,1273.7017,1275.3604,
571,2016,2017,2018,2019,2020,|,593.2445,508.7505,406.0177,666.1297,740.0867,
572,2016,2017,2018,2019,2020,|,102.5490,255.9178,192.9574,437.7489,927.5372,
573,2016,2017,2018,2019,2020,|,229.3809,92.6790,633.1105,977.9508,1001.5515,
574,2016,2017,2018,2019,2020,|,308.5463,332.8027,500.7325,844.6794,958.3691,
575,2016,2017,2018,2019,2020,|,207.4643,351.3516,221.0361,532.9186,875.7055,
576,2016,2017,2018,2019,2020,|,215.7307,138.3745,506.1737,821.6175,909.1773,
577,2016,2017,2018,2019,2020,|,213.3212,273.4484,186.2347,325.4109,1088.0654,
578,2016,2017,2018,2019,2020,|,118.9235,235.5331,275.9363,341.1279,980.6858,
579,2016,2017,2018,2019,2020,|,376.0917,310.4323,204.0710,415.4323,1194.4458,
580,2016,2017,2018,2019,2020,|,268.6352,134.4162,131.2840,319.7037,998.6837,
581,2016,2017,2018,2019,2020,|,488.7633,504.8801,614.1072,967.9279,999.8928,
582,2016,2017,2018,2019,2020,|,532.5087,400.3614,629.8810,883.3798,845.7993,
583,2016,2017,2018,2019,2020,|,342.9321,302.5181,675.2010,1055.7769,1101.5553,
584,2016,2017,2018,2019,2020,|,321.9344,271.1313,654.5317,1036.8227,1012.6066,
585,2016,2017,2018,2019,2020,|,765.4627,652.7822,732.8581,1180.7946,1154.6007,
586,2016,2017,2018,2019,2020,|,542.0165,775.9380,799.3679,1202.9177,1079.3359,
587,2016,2017,2018,2019,2020,|,140.3027,166.7992,772.1862,1591.1038,1403.0582,
588,2016,2017,2018,2019,2020,|,290.0477,769.8477,835.8134,1285.9874,1153.0389,
589,2016,2017,2018,2019,2020,|,602.3769,766.5375,797.9017,1302.8682,1119.1861,
590,2016,2017,2018,2019,2020,|,283.4230,878.8998,859.4956,1285.0908,1217.8321,
591,2016,2017,2018,2019,2020,|,744.7317,792.5825,889.9121,1192.1044,1059.0219,
592,2016,2017,2018,2019,2020,|,330.8561,859.2969,905.9182,1331.0610,1266.7920,
593,2016,2017,2018,2019,2020,|,740.0231,726.6867,836.5513,1223.7722,1108.4074,
594,2016,2017,2018,2019,2020,|,593.1860,1151.8684,1043.2683,1620.4569,1616.1807,
595,2016,2017,2018,2019,2020,|,1045.8556,1288.1067,1348.8768,1992.3886,2004.8720,
596,2016,2017,2018,2019,2020,|,559.1558,1273.6497,1320.1429,1868.6702,1898.2025,
597,2016,2017,2018,2019,2020,|,250.4891,263.2210,930.7137,1175.0788,1008.6067,
598,2016,2017,2018,2019,2020,|,114.4115,837.3913,806.5790,1253.0975,1159.0029,
599,2016,2017,2018,2019,2020,|,603.9326,957.5452,846.8743,1420.3532,1222.3592,
600,2016,2017,2018,2019,2020,|,508.8444,525.4167,573.0172,1043.2549,878.2148,
601,2016,2017,2018,2019,2020,|,252.8743,977.2467,936.1962,1562.3525,1414.9343,
602,2016,2017,2018,2019,2020,|,252.9892,1059.5382,1078.2380,1786.8347,1599.2318,
603,2016,2017,2018,2019,2020,|,299.3803,408.6537,631.6407,1341.7335,1319.3025,
604,2016,2017,2018,2019,2020,|,122.1838,652.0324,670.0687,997.0429,1019.4321,
605,2016,2017,2018,2019,2020,|,278.5684,1174.4126,1185.6112,1894.2517,1618.8420,
606,2016,2017,2018,2019,2020,|,176.4133,933.4426,932.6069,1462.0257,1341.5544,
607,2016,2017,2018,2019,2020,|,195.8603,820.5249,850.7760,1322.6511,1258.2905,
608,2016,2017,2018,2019,2020,|,326.7505,278.7865,528.9454,564.1746,621.6603,
609,2016,2017,2018,2019,2020,|,361.0551,710.6011,782.1660,1157.7969,999.8010,
610,2016,2017,2018,2019,2020,|,286.0643,95.4079,511.1489,655.4759,692.2738,
611,2016,2017,2018,2019,2020,|,290.5009,303.1695,552.6630,617.9485,777.7090,
612,2016,2017,2018,2019,2020,|,414.1156,1184.1316,1140.0597,1859.3475,1630.4743,
613,2016,2017,2018,2019,2020,|,56.0382,438.7440,572.4655,610.6024,784.8294,
614,2016,2017,2018,2019,2020,|,165.1379,443.3033,546.3249,581.6727,767.6654,
615,2016,2017,2018,2019,2020,|,nan,nan,nan,nan,nan,
616,2016,2017,2018,2019,2020,|,nan,nan,nan,nan,nan,
617,2016,2017,2018,2019,2020,|,nan,nan,nan,nan,nan,
618,2016,2017,2018,2019,2020,|,nan,nan,nan,nan,nan,
619,2016,2017,2018,2019,2020,|,nan,nan,nan,nan,nan,
620,2016,2017,2018,2019,2020,|,nan,nan,nan,nan,nan,
621,2016,2017,2018,2019,2020,|,nan,nan,nan,nan,nan,
622,2016,2017,2018,2019,2020,|,nan,nan,nan,nan,nan,
623,2016,2017,2018,2019,2020,|,nan,nan,nan,nan,nan,
624,2016,2017,2018,2019,2020,|,nan,nan,nan,nan,nan,
625,2016,2017,2018,2019,2020,|,224.0172,582.2031,650.2975,975.9879,976.2521,
626,2016,2017,2018,2019,2020,|,351.8625,244.1902,564.0766,675.2098,762.6968,
627,2016,2017,2018,2019,2020,|,639.6357,1074.0505,950.6032,1728.6920,1470.8281,
628,2016,2017,2018,2019,2020,|,88.8174,355.8003,542.3888,592.9499,705.3411,
629,2016,2017,2018,2019,2020,|,980.5647,1100.5880,1069.4582,1828.1547,1725.1750,
630,2016,2017,2018,2019,2020,|,439.8729,1188.8912,1072.9811,1775.0124,1675.4109,
631,2016,2017,2018,2019,2020,|,697.0000,488.5980,644.1049,861.5012,956.8176,
632,2016,2017,2018,2019,2020,|,237.1406,554.9231,684.7745,984.7896,1056.0224,
633,2016,2017,2018,2019,2020,|,117.3032,423.4284,420.5624,829.0924,833.3176,
634,2016,2017,2018,2019,2020,|,309.4830,636.0925,721.4362,944.9979,1057.5839,
635,2016,2017,2018,2019,2020,|,236.4001,557.9360,583.4875,1028.3176,1058.9143,
636,2016,2017,2018,2019,2020,|,224.6392,332.3501,143.9763,1343.7529,1116.9724,
637,2016,2017,2018,2019,2020,|,140.0365,297.3905,133.3520,283.6247,418.5815,
638,2016,2017,2018,2019,2020,|,544.1706,450.7743,521.5149,792.5918,875.1879,
639,2016,2017,2018,2019,2020,|,726.6785,748.0445,812.2429,1133.3763,1095.7745,
640,2016,2017,2018,2019,2020,|,592.6528,573.3664,538.8290,783.2597,861.9600,
641,2016,2017,2018,2019,2020,|,937.7930,358.6180,283.6068,392.4360,458.2518,
642,2016,2017,2018,2019,2020,|,81.2143,470.1502,345.5417,490.4839,529.4574,
643,2016,2017,2018,2019,2020,|,244.8653,359.0307,482.4616,763.6311,978.9443,
644,2016,2017,2018,2019,2020,|,307.3423,298.0223,565.5782,810.0259,991.0335,
645,2016,2017,2018,2019,2020,|,269.1579,228.3116,633.4167,928.2346,977.1009,
646,2016,2017,2018,2019,2020,|,234.1027,304.6118,649.6581,981.6197,1065.6447,
647,2016,2017,2018,2019,2020,|,145.2661,817.7951,860.1650,1447.3274,1224.3022,
648,2016,2017,2018,2019,2020,|,510.6252,470.7139,512.6575,853.1140,874.4379,
649,2016,2017,2018,2019,2020,|,499.9650,450.6853,481.4921,913.1326,806.3692,
650,2016,2017,2018,2019,2020,|,496.8903,446.3845,518.9672,834.3278,902.6580,
651,2016,2017,2018,2019,2020,|,630.6103,660.5755,859.6169,1304.4784,1407.5891,
652,2016,2017,2018,2019,2020,|,632.6785,633.0474,859.7386,1257.3731,1384.2203,
653,2016,2017,2018,2019,2020,|,298.2330,236.8794,595.8916,873.3267,938.6715,
654,2016,2017,2018,2019,2020,|,105.3815,100.1616,729.1006,970.1736,1259.9856,
655,2016,2017,2018,2019,2020,|,159.3663,58.4092,623.7872,965.8775,1219.5808,
656,2016,2017,2018,2019,2020,|,135.9877,102.3190,462.6732,917.4765,1158.6732,
657,2016,2017,2018,2019,2020,|,324.0453,115.2127,590.8872,971.1223,1227.9911,
658,2016,2017,2018,2019,2020,|,313.0726,196.8180,386.8551,843.5698,1154.0747,
659,2016,2017,2018,2019,2020,|,162.1297,135.7933,426.2267,831.3650,1071.8422,
660,2016,2017,2018,2019,2020,|,216.9327,180.9468,555.3746,795.5036,1100.5296,
661,2016,2017,2018,2019,2020,|,441.0302,588.2058,545.2651,791.4208,840.7346,
662,2016,2017,2018,2019,2020,|,117.3141,112.3937,688.0406,695.3986,886.3521,
663,2016,2017,2018,2019,2020,|,552.4482,597.6735,497.2313,737.5295,858.8318,
664,2016,2017,2018,2019,2020,|,688.5936,658.1847,637.2447,750.9469,856.9085,
665,2016,2017,2018,2019,2020,|,679.0381,767.2648,637.1963,731.3637,858.8438,
666,2016,2017,2018,2019,2020,|,558.1239,541.2436,437.6281,841.1653,842.6118,
667,2016,2017,2018,2019,2020,|,765.5913,761.0807,925.6899,1340.8595,1185.1980,
668,2016,2017,2018,2019,2020,|,520.0016,600.0012,576.9357,773.3494,826.5794,
669,2016,2017,2018,2019,2020,|,794.9169,799.5405,913.7752,1308.4552,1263.0090,
670,2016,2017,2018,2019,2020,|,225.9038,929.3617,907.6316,1333.5366,1357.6086,
671,2016,2017,2018,2019,2020,|,263.0088,177.0452,228.8756,1045.2219,1276.8671,
672,2016,2017,2018,2019,2020,|,225.1249,283.6312,340.9501,630.5905,817.4112,
673,2016,2017,2018,2019,2020,|,505.7932,734.7943,746.5639,1023.4779,1127.4557,
674,2016,2017,2018,2019,2020,|,342.6438,310.5763,384.3917,640.3987,811.0068,
675,2016,2017,2018,2019,2020,|,730.6721,726.1484,852.3835,1345.7749,1243.7985,
676,2016,2017,2018,2019,2020,|,413.3199,723.0468,687.6467,1100.7226,1026.3487,
677,2016,2017,2018,2019,2020,|,131.0529,111.8855,538.1110,733.9505,900.7059,
678,2016,2017,2018,2019,2020,|,51.3646,312.8995,613.0118,919.3478,1009.3101,
679,2016,2017,2018,2019,2020,|,409.9912,743.7525,756.7687,1272.9395,1143.9714,
680,2016,2017,2018,2019,2020,|,542.2176,747.3349,829.1379,1239.0254,1205.1035,
681,2016,2017,2018,2019,2020,|,181.8004,378.7991,414.4741,889.7722,899.3477,
682,2016,2017,2018,2019,2020,|,498.1050,490.6334,538.3536,1335.7448,886.3220,
683,2016,2017,2018,2019,2020,|,248.3067,153.6355,717.2265,1044.3014,1145.2764,
684,2016,2017,2018,2019,2020,|,292.4647,443.4136,694.1618,1035.7601,1216.0865,
685,2016,2017,2018,2019,2020,|,494.6055,416.1034,792.3256,1067.6427,1238.9558,
686,2016,2017,2018,2019,2020,|,384.9871,286.6391,729.2224,1048.2776,1284.8290,
687,2016,2017,2018,2019,2020,|,443.1849,65.2048,544.9651,1083.6023,1327.3172,
688,2016,2017,2018,2019,2020,|,354.7615,393.6871,793.2369,1111.5767,1225.8181,
689,2016,2017,2018,2019,2020,|,236.0520,203.7283,753.1225,1025.6301,1239.1082,
690,2016,2017,2018,2019,2020,|,169.5662,515.8087,829.8397,1019.4930,1148.4339,
691,2016,2017,2018,2019,2020,|,194.2348,336.3202,821.0276,1023.8618,1284.1331,
692,2016,2017,2018,2019,2020,|,293.5365,368.2809,327.2596,605.9139,680.7931,
693,2016,2017,2018,2019,2020,|,220.4921,321.8684,516.3862,665.3532,773.4635,
694,2016,2017,2018,2019,2020,|,292.0398,311.1094,446.5647,989.3174,993.4993,
695,2016,2017,2018,2019,2020,|,265.4390,617.7737,704.7312,1089.2391,1104.8333,
696,2016,2017,2018,2019,2020,|,659.2971,568.1179,345.4939,946.6696,1075.2499,
697,2016,2017,2018,2019,2020,|,322.4476,172.4918,592.7975,1095.8917,1185.9458,
698,2016,2017,2018,2019,2020,|,239.4602,175.4524,470.1574,980.3561,1063.8851,
699,2016,2017,2018,2019,2020,|,741.2903,353.2691,625.2756,1521.5451,1476.9070,
700,2016,2017,2018,2019,2020,|,172.8344,214.9763,695.6408,1212.8421,1176.1279,
701,2016,2017,2018,2019,2020,|,323.2824,437.1665,473.8397,1040.2039,1092.8847,
702,2016,2017,2018,2019,2020,|,40.8576,73.6314,610.4495,1000.8683,1237.9156,
703,2016,2017,2018,2019,2020,|,371.9384,631.7967,854.7210,1347.7602,1294.3847,
704,2016,2017,2018,2019,2020,|,134.6876,263.1409,351.4226,1117.4003,1131.3583,
705,2016,2017,2018,2019,2020,|,249.1151,299.1069,769.1147,1259.4433,1430.7833,
706,2016,2017,2018,2019,2020,|,74.7786,138.3205,796.6683,1046.4967,1157.0745,
707,2016,2017,2018,2019,2020,|,107.0060,188.8447,467.2443,747.7695,738.1835,
708,2016,2017,2018,2019,2020,|,296.4842,356.2615,415.1866,1294.4263,1294.3213,
709,2016,2017,2018,2019,2020,|,280.0109,454.3102,344.7883,1198.1396,1264.8228,
710,2016,2017,2018,2019,2020,|,401.2795,362.1385,510.3154,922.2768,818.7914,
711,2016,2017,2018,2019,2020,|,155.0943,73.3644,316.6163,544.6759,1301.8617,
712,2016,2017,2018,2019,2020,|,921.6554,778.7950,819.1438,1030.2150,1007.9635,
713,2016,2017,2018,2019,2020,|,270.6413,709.8777,787.5445,1054.5611,999.7997,
714,2016,2017,2018,2019,2020,|,96.2093,121.1390,296.7177,245.4465,1092.1151,
715,2016,2017,2018,2019,2020,|,274.9788,173.8356,242.4739,201.9875,998.6592,
716,2016,2017,2018,2019,2020,|,317.4622,297.4257,340.7665,564.6239,1032.5131,
717,2016,2017,2018,2019,2020,|,160.5754,172.3357,577.8031,918.1963,960.2127,
718,2016,2017,2018,2019,2020,|,413.2799,411.6505,732.6512,1133.1822,1232.1965,
719,2016,2017,2018,2019,2020,|,39.2142,157.7307,413.0792,694.7228,1085.2265,
720,2016,2017,2018,2019,2020,|,62.7472,268.2783,391.2853,623.6078,914.2052,
721,2016,2017,2018,2019,2020,|,233.0299,327.4270,297.1314,951.7352,1005.9858,
722,2016,2017,2018,2019,2020,|,222.6796,353.1972,415.8611,775.2778,871.7134,
723,2016,2017,2018,2019,2020,|,1440.5050,1289.9740,985.8402,1205.1705,1115.3803,
724,2016,2017,2018,2019,2020,|,430.0623,122.1498,183.4540,421.8698,867.0231,
725,2016,2017,2018,2019,2020,|,392.6508,261.6318,183.7211,408.8475,883.0159,
726,2016,2017,2018,2019,2020,|,125.1381,677.2357,743.6735,978.7024,1135.2576,
727,2016,2017,2018,2019,2020,|,515.6643,495.0425,682.1477,1192.6816,1390.0692,
728,2016,2017,2018,2019,2020,|,109.7462,476.9647,703.8943,1079.0504,1074.4288,
729,2016,2017,2018,2019,2020,|,170.0900,280.0705,447.0851,832.7384,873.3258,
730,2016,2017,2018,2019,2020,|,221.8436,403.1656,539.6809,906.0422,995.7964,
731,2016,2017,2018,2019,2020,|,232.2600,463.6905,489.0193,782.2615,884.2722,
732,2016,2017,2018,2019,2020,|,156.9534,67.5502,122.7468,867.1617,892.6147,
733,2016,2017,2018,2019,2020,|,289.8737,60.9472,833.7056,1156.9925,1288.5087,
734,2016,2017,2018,2019,2020,|,252.3174,209.0936,275.9640,563.5129,850.9779,
735,2016,2017,2018,2019,2020,|,144.9046,126.0173,169.6490,1024.7186,1046.1512,
736,2016,2017,2018,2019,2020,|,137.3896,293.3236,244.6174,1020.8452,1104.5263,
737,2016,2017,2018,2019,2020,|,566.5530,431.5961,459.5696,654.1609,930.9755,
738,2016,2017,2018,2019,2020,|,654.3853,657.7370,641.1746,834.3848,740.1613,
739,2016,2017,2018,2019,2020,|,110.7337,139.5690,120.8421,123.2830,1022.8086,
740,2016,2017,2018,2019,2020,|,1529.3020,4380.5858,970.2892,1571.2634,1495.2613,
741,2016,2017,2018,2019,2020,|,376.9821,255.0588,552.7467,739.5458,896.3871,
742,2016,2017,2018,2019,2020,|,246.1629,146.8617,532.2031,708.1664,913.5182,
743,2016,2017,2018,2019,2020,|,351.0615,306.1285,554.2946,745.1234,915.5269,
744,2016,2017,2018,2019,2020,|,1639.8811,1491.2245,649.0561,1001.7198,1008.1040,
745,2016,2017,2018,2019,2020,|,256.4929,305.9571,40.2542,949.2025,1794.4102,
746,2016,2017,2018,2019,2020,|,146.5575,277.7959,124.6496,670.4465,1527.8652,
747,2016,2017,2018,2019,2020,|,133.6441,136.1262,67.6622,642.2230,1699.5060,
748,2016,2017,2018,2019,2020,|,527.7435,361.7729,661.5105,722.7089,1711.5206,
749,2016,2017,2018,2019,2020,|,256.1141,615.1901,724.5606,1001.7176,1512.4741,
750,2016,2017,2018,2019,2020,|,1594.6317,823.7795,1053.9955,1467.4059,1699.1409,
751,2016,2017,2018,2019,2020,|,182.2628,368.2165,866.4643,961.2574,1044.7679,
752,2016,2017,2018,2019,2020,|,156.9569,325.2290,611.1139,952.8309,1018.5839,
753,2016,2017,2018,2019,2020,|,324.7962,834.6384,832.8596,991.7819,1020.5262,
754,2016,2017,2018,2019,2020,|,354.8029,584.8112,634.9012,1070.6158,1189.9165,
755,2016,2017,2018,2019,2020,|,218.4026,327.9951,622.0652,847.1358,967.0292,
756,2016,2017,2018,2019,2020,|,174.7150,294.1702,397.6408,915.9541,948.3006,
757,2016,2017,2018,2019,2020,|,751.1122,521.3211,577.3502,917.6929,1169.3380,
758,2016,2017,2018,2019,2020,|,356.9779,519.3845,433.0878,754.2250,817.5274,
759,2016,2017,2018,2019,2020,|,180.8701,357.7338,555.1635,611.9161,953.0087,
760,2016,2017,2018,2019,2020,|,277.7298,271.2531,491.4244,579.5058,1182.8048,
761,2016,2017,2018,2019,2020,|,364.6156,190.6792,229.9514,265.8490,1219.2437,
762,2016,2017,2018,2019,2020,|,250.5324,104.4125,163.6726,244.2941,1037.2502,
763,2016,2017,2018,2019,2020,|,1078.2692,417.9065,388.6119,874.1681,944.2318,
764,2016,2017,2018,2019,2020,|,212.8216,337.0939,297.8300,1003.1830,1008.0298,
765,2016,2017,2018,2019,2020,|,316.4650,145.4225,400.8607,666.3243,1041.3519,
766,2016,2017,2018,2019,2020,|,89.9891,87.9922,656.8920,900.3243,936.3122,
767,2016,2017,2018,2019,2020,|,1517.7787,1329.3969,1131.8028,1610.8853,1216.3162,
768,2016,2017,2018,2019,2020,|,436.4617,783.8988,976.0461,1318.7635,1427.1560,
769,2016,2017,2018,2019,2020,|,1098.4850,822.2763,760.2420,878.1751,1181.7180,
770,2016,2017,2018,2019,2020,|,1260.0306,899.4053,631.7514,678.9529,643.6670,
771,2016,2017,2018,2019,2020,|,1361.8482,314.8893,320.1128,496.1566,525.6145,
772,2016,2017,2018,2019,2020,|,881.6903,249.0925,377.7188,402.7306,514.6137,
773,2016,2017,2018,2019,2020,|,258.4979,339.9502,388.3633,648.5674,757.0678,
774,2016,2017,2018,2019,2020,|,1448.2875,515.6966,737.8652,1033.2794,1264.1764,
775,2016,2017,2018,2019,2020,|,209.3066,427.8898,141.4145,1294.0449,910.0679,
776,2016,2017,2018,2019,2020,|,225.9124,181.2915,266.9909,421.3316,901.4116,
777,2016,2017,2018,2019,2020,|,238.7838,260.5144,277.3127,1031.9406,1109.7554,
778,2016,2017,2018,2019,2020,|,248.6313,230.8087,585.1340,919.5718,913.5676,
779,2016,2017,2018,2019,2020,|,1380.6923,688.9461,495.2594,533.6132,699.1073,
780,2016,2017,2018,2019,2020,|,249.8613,236.2109,596.5583,983.4369,1024.1739,
781,2016,2017,2018,2019,2020,|,370.9423,1031.2642,274.7514,265.5303,634.8329,
782,2016,2017,2018,2019,2020,|,485.3166,424.8982,584.9693,797.3976,1278.7171,
783,2016,2017,2018,2019,2020,|,1640.7799,871.3549,924.5513,1480.0330,1554.9965,
784,2016,2017,2018,2019,2020,|,87.8511,967.4055,815.3183,1165.4453,1209.3744,
785,2016,2017,2018,2019,2020,|,315.8577,370.4549,497.7193,721.8289,832.2150,
786,2016,2017,2018,2019,2020,|,1292.0573,442.0432,536.9893,657.6307,858.3891,
787,2016,2017,2018,2019,2020,|,658.5788,676.0301,1348.7313,1703.0990,1079.1584,
788,2016,2017,2018,2019,2020,|,4500.1009,3494.4565,3768.8666,1227.2238,1245.7335,
789,2016,2017,2018,2019,2020,|,798.3454,659.7475,646.0961,1013.1873,1146.1369,
790,2016,2017,2018,2019,2020,|,542.6914,883.8883,613.7300,1022.1689,791.8589,
791,2016,2017,2018,2019,2020,|,909.1672,373.6544,1225.0471,1505.1938,1469.2265,
792,2016,2017,2018,2019,2020,|,232.9552,898.0561,914.7867,1222.3735,1220.8351,
793,2016,2017,2018,2019,2020,|,1013.4713,380.5675,329.7062,293.8348,1009.9686,
794,2016,2017,2018,2019,2020,|,536.3602,677.0018,543.1823,1028.1588,1213.3274,
795,2016,2017,2018,2019,2020,|,707.9478,458.3349,574.7606,832.9791,903.1236,
796,2016,2017,2018,2019,2020,|,758.5143,493.0557,690.9052,872.5286,898.5612,
797,2016,2017,2018,2019,2020,|,5709.5471,4073.8802,828.0483,1147.9263,1228.5430,
798,2016,2017,2018,2019,2020,|,1512.0968,1183.5935,1300.3685,1999.0155,2253.7870,
799,2016,2017,2018,2019,2020,|,723.9762,825.8815,716.9551,953.3485,1073.8384,
800,2016,2017,2018,2019,2020,|,765.9424,799.7171,797.5969,1223.5465,1162.7777,
801,2016,2017,2018,2019,2020,|,503.5229,655.0901,758.2461,1070.7291,1201.6877,
802,2016,2017,2018,2019,2020,|,589.4505,461.7266,500.3099,678.7309,860.9663,
803,2016,2017,2018,2019,2020,|,897.2573,773.3569,815.1638,1123.7118,1012.6594,
804,2016,2017,2018,2019,2020,|,390.8009,663.5920,532.5081,308.5439,836.4739,
805,2016,2017,2018,2019,2020,|,2660.4599,1881.9836,1490.8431,941.7517,1099.5597,
806,2016,2017,2018,2019,2020,|,2094.1126,3098.7998,1989.5457,1130.3231,1165.4165,
807,2016,2017,2018,2019,2020,|,1582.2830,1241.4745,1233.6708,1087.9846,1282.2024,
808,2016,2017,2018,2019,2020,|,318.7575,346.7230,295.8275,660.4080,792.0459,
809,2016,2017,2018,2019,2020,|,289.0649,315.5487,613.6333,1090.2023,1085.0508,
810,2016,2017,2018,2019,2020,|,157.4929,175.2109,287.0107,1138.6966,1278.5206,
811,2016,2017,2018,2019,2020,|,671.6883,453.2284,514.2805,824.4389,1005.4913,
812,2016,2017,2018,2019,2020,|,898.1066,612.8345,702.2220,1074.1413,1072.8540,
813,2016,2017,2018,2019,2020,|,528.7864,664.1893,761.4987,1054.6114,1128.5819,
814,2016,2017,2018,2019,2020,|,773.6174,711.4587,823.0432,1160.1800,1233.5995,
815,2016,2017,2018,2019,2020,|,833.8821,647.5512,609.7670,1016.9089,1086.0673,
816,2016,2017,2018,2019,2020,|,439.6757,420.0283,1042.8214,473.4325,2747.1388,
817,2016,2017,2018,2019,2020,|,324.2504,383.9540,519.0539,898.6990,924.4786,
818,2016,2017,2018,2019,2020,|,261.5493,242.3087,637.0706,962.2612,1051.3729,
819,2016,2017,2018,2019,2020,|,814.7924,592.0559,528.0841,884.7820,952.9060,
820,2016,2017,2018,2019,2020,|,267.8009,357.1031,546.0343,970.8187,1104.5482,
821,2016,2017,2018,2019,2020,|,380.9616,138.2391,229.8938,1768.5440,1707.6137,
822,2016,2017,2018,2019,2020,|,514.2199,646.2853,635.2534,830.4674,1002.0651,
823,2016,2017,2018,2019,2020,|,445.0447,324.4020,438.9908,748.8012,735.7418,
824,2016,2017,2018,2019,2020,|,402.5708,192.0459,689.1625,575.8278,726.4404,
825,2016,2017,2018,2019,2020,|,557.4860,442.8784,530.7104,924.0748,1013.6363,
826,2016,2017,2018,2019,2020,|,2598.0755,2142.6324,2146.1028,1161.7714,1312.7899,
827,2016,2017,2018,2019,2020,|,72.1860,82.7784,181.0287,116.3078,754.9946,
828,2016,2017,2018,2019,2020,|,390.3687,548.5096,474.9718,818.2174,794.7095,
829,2016,2017,2018,2019,2020,|,90.5170,76.0846,158.0783,277.1409,801.3224,
830,2016,2017,2018,2019,2020,|,164.2710,518.6622,643.3455,809.7028,860.0410,
831,2016,2017,2018,2019,2020,|,135.9665,158.8353,447.2002,624.1636,819.8965,
832,2016,2017,2018,2019,2020,|,116.8314,324.7286,214.1353,1052.0158,795.2254,
833,2016,2017,2018,2019,2020,|,560.1723,345.3217,231.5241,426.3235,460.4481,
834,2016,2017,2018,2019,2020,|,1011.9169,834.3388,815.0561,1022.5087,1132.4907,
835,2016,2017,2018,2019,2020,|,335.2383,451.2072,758.0684,1246.1173,1227.2864,
836,2016,2017,2018,2019,2020,|,581.1097,616.8167,613.4376,1127.7749,958.4565,
837,2016,2017,2018,2019,2020,|,237.4003,264.7616,467.5260,1008.4395,1374.8432,
838,2016,2017,2018,2019,2020,|,70.9862,207.4420,828.8368,1232.4100,1320.2797,
839,2016,2017,2018,2019,2020,|,324.0731,299.7786,714.2513,1179.5364,1220.8840,
840,2016,2017,2018,2019,2020,|,161.0583,228.5495,245.2737,559.2725,738.0972,
841,2016,2017,2018,2019,2020,|,344.7666,203.4365,813.2847,1117.4498,1311.6594,
842,2016,2017,2018,2019,2020,|,138.4168,186.3494,253.5523,437.0728,655.7703,
843,2016,2017,2018,2019,2020,|,518.0550,212.1163,878.0961,1184.3784,1302.3290,
844,2016,2017,2018,2019,2020,|,101.5288,251.6873,188.0111,556.2478,765.0968,
845,2016,2017,2018,2019,2020,|,467.8033,674.7497,486.3147,818.1795,980.9460,
846,2016,2017,2018,2019,2020,|,1052.9381,555.2496,545.9602,798.4193,875.6068,
847,2016,2017,2018,2019,2020,|,47.5050,82.6516,168.7285,420.2268,974.7178,
848,2016,2017,2018,2019,2020,|,513.0583,458.3363,480.9309,727.3180,830.0962,
849,2016,2017,2018,2019,2020,|,130.9801,160.5825,510.3795,823.2908,1075.7102,
850,2016,2017,2018,2019,2020,|,301.3102,187.0622,276.5481,1275.7216,1218.4315,
851,2016,2017,2018,2019,2020,|,647.7102,257.9603,85.5465,832.0811,1352.0154,
852,2016,2017,2018,2019,2020,|,954.7500,567.9027,736.1955,1111.1411,1164.1879,
853,2016,2017,2018,2019,2020,|,240.9936,136.7202,441.7835,935.7400,1073.6752,
854,2016,2017,2018,2019,2020,|,88.1683,91.5616,805.6016,902.5401,1037.3046,
855,2016,2017,2018,2019,2020,|,194.7489,132.0126,507.0181,890.8761,1001.9855,
856,2016,2017,2018,2019,2020,|,2269.4436,1476.9732,1128.0161,1405.9637,1522.7585,
857,2016,2017,2018,2019,2020,|,458.4841,442.3009,594.3157,863.3023,931.4660,
858,2016,2017,2018,2019,2020,|,2429.5943,1586.6702,1454.3296,1481.0889,1531.9685,
859,2016,2017,2018,2019,2020,|,187.3542,166.4813,479.7392,834.3741,917.0182,
860,2016,2017,2018,2019,2020,|,2262.7146,1678.5069,1508.6621,2298.9832,1313.1113,
861,2016,2017,2018,2019,2020,|,2623.2335,1823.8044,1297.0934,1419.7504,1410.6450,
862,2016,2017,2018,2019,2020,|,777.2843,664.9864,663.0041,1071.5571,1023.3458,
863,2016,2017,2018,2019,2020,|,361.4052,1155.4133,567.7969,852.4003,968.6982,
864,2016,2017,2018,2019,2020,|,1048.7248,596.6473,614.2482,647.0042,908.7623,
865,2016,2017,2018,2019,2020,|,86.8950,83.7221,876.3092,1230.3489,1347.8622,
866,2016,2017,2018,2019,2020,|,387.8181,171.4352,822.9876,1065.9680,1243.8291,
867,2016,2017,2018,2019,2020,|,160.0432,237.6008,257.2074,965.2343,1068.0541,
868,2016,2017,2018,2019,2020,|,291.1790,722.5157,424.6910,895.7960,1225.9663,
869,2016,2017,2018,2019,2020,|,189.3351,477.5893,490.7104,868.7686,1073.3025,
870,2016,2017,2018,2019,2020,|,814.2936,1630.9301,4746.7035,2374.3451,2617.2829,
871,2016,2017,2018,2019,2020,|,307.8095,138.9298,521.5240,1007.2034,1150.7457,
872,2016,2017,2018,2019,2020,|,378.8775,405.7702,881.9547,876.8731,1014.7348,
873,2016,2017,2018,2019,2020,|,526.1620,518.0186,599.1977,749.6098,983.2072,
874,2016,2017,2018,2019,2020,|,550.1309,479.6222,560.8280,1064.2441,1265.1380,
875,2016,2017,2018,2019,2020,|,437.3691,448.2002,428.3565,1208.1172,1310.9265,
876,2016,2017,2018,2019,2020,|,374.7115,205.9609,540.3888,973.8633,1194.0746,
877,2016,2017,2018,2019,2020,|,785.7318,510.0546,655.3037,1028.2618,1006.9066,
878,2016,2017,2018,2019,2020,|,2949.2099,2491.4468,1984.9007,1697.3864,1772.8902,
879,2016,2017,2018,2019,2020,|,2317.5545,2238.2399,2262.1484,1807.9732,1772.2947,
880,2016,2017,2018,2019,2020,|,477.8166,556.8539,589.9405,812.8086,680.6605,
881,2016,2017,2018,2019,2020,|,902.5754,925.3668,500.8876,786.9596,802.8323,
882,2016,2017,2018,2019,2020,|,529.7671,690.7510,505.7562,851.7622,849.3204,
883,2016,2017,2018,2019,2020,|,749.0711,692.4857,548.9026,1007.0944,981.5628,
884,2016,2017,2018,2019,2020,|,617.6378,757.8351,425.7523,1009.0042,1033.5922,
885,2016,2017,2018,2019,2020,|,1632.7062,428.8247,517.9378,882.0992,988.6315,
886,2016,2017,2018,2019,2020,|,20.2057,116.1895,490.5284,792.3870,915.2698,
887,2016,2017,2018,2019,2020,|,451.6065,811.4719,610.2014,909.5804,1101.9565,
888,2016,2017,2018,2019,2020,|,609.8930,331.2536,340.0198,1048.0670,1090.0206,
889,2016,2017,2018,2019,2020,|,562.6329,536.1057,509.0338,833.4974,818.9243,
890,2016,2017,2018,2019,2020,|,663.0651,593.6578,578.4837,900.6030,870.1721,
891,2016,2017,2018,2019,2020,|,449.7958,407.9656,399.8712,789.8068,712.8672,
892,2016,2017,2018,2019,2020,|,273.9943,439.5469,397.4799,770.2335,685.3498,
893,2016,2017,2018,2019,2020,|,863.9496,568.4978,581.9418,774.8473,976.7202,
894,2016,2017,2018,2019,2020,|,335.8330,385.8964,271.3883,1021.6415,849.4325,
895,2016,2017,2018,2019,2020,|,474.5270,444.7065,678.1128,969.9110,1121.4480,
896,2016,2017,2018,2019,2020,|,1765.8115,1434.5130,1180.9730,1106.0413,1198.3092,
897,2016,2017,2018,2019,2020,|,648.6982,2911.2311,1095.5089,1610.5840,1528.0519,
898,2016,2017,2018,2019,2020,|,215.8128,596.9801,506.8407,735.5137,779.8394,
899,2016,2017,2018,2019,2020,|,49.9795,109.3539,274.2712,1129.3131,1146.0794,
900,2016,2017,2018,2019,2020,|,232.0270,973.7777,3144.9450,1160.4936,1223.8851,
901,2016,2017,2018,2019,2020,|,92.2438,55.0922,286.1469,1071.0458,1074.5947,
902,2016,2017,2018,2019,2020,|,246.8070,570.9012,3944.7927,1270.2661,1246.9299,
903,2016,2017,2018,2019,2020,|,119.2095,107.0189,428.9827,1087.2184,1107.8694,
904,2016,2017,2018,2019,2020,|,623.9624,589.4480,587.9446,826.9853,897.5195,
905,2016,2017,2018,2019,2020,|,1164.1801,615.5346,698.2078,1112.1681,1156.2219,
906,2016,2017,2018,2019,2020,|,1199.2409,514.8676,592.5864,988.5321,1124.8880,
907,2016,2017,2018,2019,2020,|,106.3911,259.7700,571.7957,1160.3656,1174.1043,
908,2016,2017,2018,2019,2020,|,90.9324,290.6624,445.5898,1097.5836,1198.7681,
909,2016,2017,2018,2019,2020,|,286.5348,262.7384,470.5506,779.7854,802.0180,
910,2016,2017,2018,2019,2020,|,586.5802,475.5829,656.6440,800.0964,839.7339,
911,2016,2017,2018,2019,2020,|,261.4600,367.8635,674.5517,823.4490,917.1099,
912,2016,2017,2018,2019,2020,|,217.2346,309.8124,727.4313,828.1896,943.9312,
913,2016,2017,2018,2019,2020,|,341.0929,267.6783,556.9247,789.9444,891.7741,
914,2016,2017,2018,2019,2020,|,210.9348,311.6694,564.7994,880.5386,908.6657,
915,2016,2017,2018,2019,2020,|,261.0495,215.2925,327.6425,600.3147,2446.4960,
916,2016,2017,2018,2019,2020,|,205.6682,316.4384,820.7350,1054.9922,1043.1632,
917,2016,2017,2018,2019,2020,|,111.9893,170.6879,56.8213,201.2270,1323.2872,
918,2016,2017,2018,2019,2020,|,686.4020,1090.3718,974.7092,1473.0081,1497.1707,
919,2016,2017,2018,2019,2020,|,320.1279,61.2708,474.0426,809.5330,745.8682,
920,2016,2017,2018,2019,2020,|,307.5607,570.8563,327.9412,544.0492,555.3316,
921,2016,2017,2018,2019,2020,|,248.4992,268.2115,563.3901,742.2008,834.3917,
922,2016,2017,2018,2019,2020,|,114.3100,130.1028,705.6340,706.8736,698.5774,
923,2016,2017,2018,2019,2020,|,239.1040,156.8618,547.7248,660.8768,615.3236,
924,2016,2017,2018,2019,2020,|,166.9542,167.0206,484.6395,621.0070,683.4743,
925,2016,2017,2018,2019,2020,|,142.2548,209.6901,450.4570,479.8832,572.7105,
926,2016,2017,2018,2019,2020,|,204.5071,439.6756,316.1668,750.3428,908.2780,
927,2016,2017,2018,2019,2020,|,654.7501,932.7621,669.4027,906.0145,1019.7862,
928,2016,2017,2018,2019,2020,|,307.1325,468.0971,438.8793,810.6892,866.8947,
929,2016,2017,2018,2019,2020,|,288.4772,68.0280,291.1929,613.9136,1387.8034,
930,2016,2017,2018,2019,2020,|,253.7060,495.6768,553.8446,1118.3824,1019.2937,
931,2016,2017,2018,2019,2020,|,76.5690,157.3174,613.1141,932.2031,963.1622,
932,2016,2017,2018,2019,2020,|,177.2182,200.2258,499.2701,881.6419,895.6479,
933,2016,2017,2018,2019,2020,|,141.1563,158.1180,370.8508,705.1944,674.0370,
934,2016,2017,2018,2019,2020,|,86.6189,96.4215,474.0097,839.6664,867.6073,
